-- phpMyAdmin SQL Dump
-- version 4.6.6
-- https://www.phpmyadmin.net/
--
-- Servidor: localhost:3306
-- Tiempo de generación: 28-09-2017 a las 12:41:50
-- Versión del servidor: 5.5.30
-- Versión de PHP: 5.6.14

SET SQL_MODE = "NO_AUTO_VALUE_ON_ZERO";
SET time_zone = "+00:00";

--
-- Base de datos: `db_ciudad`
--

-- --------------------------------------------------------

--
-- Estructura de tabla para la tabla `admin_menu`
--

CREATE TABLE `admin_menu` (
  `admin_menu_id` int(4) NOT NULL,
  `admin_menu_padre_id` int(4) NOT NULL DEFAULT '0',
  `titulo` varchar(255) NOT NULL DEFAULT '',
  `link` varchar(255) NOT NULL DEFAULT '',
  `foto` varchar(255) NOT NULL DEFAULT '',
  `icono` tinyint(1) NOT NULL DEFAULT '2',
  `seguro` tinyint(1) NOT NULL DEFAULT '2',
  `orden` int(4) NOT NULL DEFAULT '0',
  `estado` int(2) NOT NULL DEFAULT '1'
) ENGINE=MyISAM DEFAULT CHARSET=latin1;

--
-- Volcado de datos para la tabla `admin_menu`
--

INSERT INTO `admin_menu` (`admin_menu_id`, `admin_menu_padre_id`, `titulo`, `link`, `foto`, `icono`, `seguro`, `orden`, `estado`) VALUES
(1, 0, 'Inicio', 'modulo/inicio/inicio.php', '', 2, 2, 0, 1),
(174, 59, 'Accesos directos', '', '', 2, 2, 1, 1),
(4, 0, 'Categorias', '', '', 2, 1, 4, 3),
(16, 0, 'Contactos', '', '', 2, 2, 2, 1),
(17, 3, 'Usuario Mix', '', '', 2, 1, 2, 3),
(18, 0, 'Administradores', '', '', 2, 2, 1, 1),
(19, 16, 'Nuevo', 'modulo/user_web/usuario_web_nuevo.php', '', 2, 2, 1, 1),
(135, 104, 'Sucursales', 'modulo/sucursal/sucursal_ver.php', '', 2, 2, 8, 1),
(21, 17, 'Nuevo', 'modulo/user_mix/usuario_mix_nuevo.php', '', 2, 1, 1, 3),
(22, 17, 'Modificar', 'modulo/user_mix/usuario_mix_ver.php', '', 2, 1, 2, 3),
(23, 18, 'Nuevo', 'modulo/user_admin/usuario_admin_nuevo.php', '', 2, 2, 1, 1),
(24, 18, 'Ver (lista)', 'modulo/user_admin/usuario_admin_ver.php', '', 2, 2, 2, 1),
(25, 4, 'Nueva', 'modulo/categoria/categoria_nuevo.php', '', 2, 1, 1, 3),
(26, 4, 'Ver (árbol)', 'modulo/categoria/categoria_ver.php', '', 2, 1, 2, 3),
(36, 4, 'Papelera', 'modulo/categoria/categoria_papelera.php', '', 2, 1, 4, 3),
(40, 107, 'Datos del Sitio', 'modulo/datos_sitio/datos_sitio.php', '', 2, 2, 12, 1),
(41, 16, 'Exportar', 'modulo/user_web/usuario_web_exportar.php', '', 2, 2, 4, 2),
(45, 16, 'Buscar Contactos', 'modulo/user_web/usuario_web_lista.php', '', 2, 2, 3, 1),
(136, 16, 'Etiquetas', 'modulo/user_web/usuario_web_segmentacion.php', '', 2, 2, 7, 1),
(170, 0, 'Carpetas', '', '170-495-program-group.png', 1, 2, 5, 3),
(176, 0, 'Prensa', '', '176-961-fonts.png', 1, 2, 6, 3),
(59, 0, 'Parametrización', '', '', 2, 2, 100, 1),
(60, 73, 'Ver', 'modulo/admin_menu/admin_menu_ver.php', '', 2, 1, 2, 3),
(61, 73, 'Nuevo', 'modulo/admin_menu/admin_menu_nuevo.php', '', 2, 1, 1, 3),
(71, 106, 'Pais', 'modulo/pais/pa_pais_ver.php', '', 2, 2, 1, 1),
(72, 106, 'Provincia', 'modulo/provincia/pa_provincia_ver.php', '', 2, 2, 2, 1),
(73, 174, 'Menu Admin', 'modulo/admin_menu/admin_menu_ver.php', '', 2, 2, 1, 1),
(74, 106, 'Zona', 'modulo/zona/pa_zona_ver.php', '', 2, 2, 5, 1),
(77, 104, 'Idiomas', 'modulo/idioma/idioma_ver.php', '', 2, 2, 6, 1),
(79, 18, 'Perfil', 'modulo/user_admin/usuario_admin_perfil_ver.php', '', 2, 2, 3, 1),
(137, 16, 'Perfiles', 'modulo/user_web/usuario_web_perfil.php', '', 2, 2, 6, 2),
(104, 59, 'Configuracion', '', '', 2, 2, 4, 1),
(107, 59, 'Datos del sitio', '', '', 2, 2, 5, 1),
(106, 59, 'Ubicación', '', '', 2, 2, 3, 1),
(115, 174, 'Panel Iconos', 'modulo/admin_menu/admin_panel_ver.php', '', 2, 2, 2, 1),
(116, 1, 'Noticias', '', 'application_add.png', 1, 2, 7, 3),
(117, 0, 'Prensa', '', '117-119-favorite.png', 1, 2, 5, 3),
(118, 0, 'Cuerpo Docente', '', '118-854-she_users.png', 1, 2, 7, 3),
(119, 0, 'Staff', '', '119-181-users.png', 1, 1, 6, 3),
(120, 0, 'Carrera', '', '120-303-application_edit.png', 1, 2, 1, 3),
(121, 0, 'Clinicas', '', '121-145-application_edit.png', 1, 2, 2, 3),
(122, 0, 'Cursos Cortos', '', '122-835-application_edit.png', 1, 2, 3, 3),
(124, 0, 'Contactos', '', '124-12-ic-admin.png', 1, 2, 1, 1),
(125, 0, 'Usuarios Admin', '', '125-817-lock.png', 1, 1, 0, 3),
(126, 0, 'test', '', '126-617-home.png', 1, 1, 10, 3),
(138, 0, 'Carreras', '', '138-937-folder.png', 1, 2, 0, 3),
(144, 104, 'Registración', 'modulo/datos_sitio/config_registro.php', '', 2, 2, 9, 1),
(146, 16, 'Importar', 'modulo/importador/imp_preimportar.php', '', 2, 2, 4, 2),
(153, 104, 'Sitemap', 'modulo/sitemap/sitemap.php', '', 2, 2, 10, 1),
(154, 0, 'Productos', '', '154-197-apple.png', 1, 2, 4, 3),
(155, 0, 'Titulares', '', '155-465-image.png', 1, 2, 1, 3),
(156, 0, 'Carrito', '', '156-333-shopping_cart.png', 1, 2, 0, 3),
(157, 0, 'Secciones Institucionales', '', '157-953-text-document.png', 1, 2, 4, 3),
(158, 0, 'Publicidad', '', '158-285-publicidad.png', 1, 2, 7, 3),
(159, 0, 'Newsletter', '', '159-71-newsletter.png', 1, 2, 15, 3),
(160, 0, 'Descargas', '', '160-485-attachment.png', 1, 2, 25, 3),
(161, 0, 'Ubicaciones', '', '161-326-web-folders.png', 1, 2, 30, 3),
(162, 0, 'Administradores', '', '162-214-ic-admin.png', 1, 2, 2, 1),
(163, 0, 'Sitemap', '', '163-96-sitemap-icon.gif', 1, 2, 50, 3),
(164, 0, 'Contenido del Home', '', '164-221-computer.png', 1, 2, 51, 3),
(165, 0, 'Menu', '', '165-785-barra_menu.png', 1, 2, 5, 3),
(166, 0, 'Configuración', '', '166-617-control-panel.png', 1, 2, 6, 3),
(175, 0, 'Newsletters', '', '175-584-e-mail.png', 1, 2, 5, 3),
(189, 0, 'Reportes', '', '189-494-default-icon.png', 1, 2, 9, 3),
(192, 0, 'Propiedades', '', '', 2, 2, 3, 1),
(193, 192, 'Nueva Propiedad', 'modulo/inmueble/inmueble_nuevo.php', '', 2, 2, 0, 1),
(194, 192, 'Buscar Propiedades', 'modulo/inmueble/inmueble_ver.php', '', 2, 2, 0, 1),
(195, 0, 'Propiedades', '', '195-132-ic-properties.png', 1, 2, 0, 1),
(196, 0, 'Parámetros del Sitio', '', '196-94-ms-dos-batch-file.png', 1, 2, 6, 3),
(197, 0, 'Amenities', '', '', 2, 2, 4, 1),
(198, 197, 'Nuevo', 'modulo/inmueble/amenity_nuevo.php', '', 2, 2, 0, 1),
(199, 197, 'Listado', 'modulo/inmueble/amenity_ver.php', '', 2, 2, 0, 1),
(200, 0, 'Servicios', '', '', 2, 2, 5, 1),
(201, 200, 'Nuevo', 'modulo/inmueble/servicio_nuevo.php', '', 2, 2, 0, 1),
(202, 200, 'Listado', 'modulo/inmueble/servicio_ver.php', '', 2, 2, 0, 1);

-- --------------------------------------------------------

--
-- Estructura de tabla para la tabla `admin_menu_perfil`
--

CREATE TABLE `admin_menu_perfil` (
  `admin_menu_perfil_id` int(11) NOT NULL,
  `admin_menu_id` int(11) NOT NULL DEFAULT '0',
  `user_admin_perfil_id` int(11) NOT NULL DEFAULT '1'
) ENGINE=MyISAM DEFAULT CHARSET=latin1;

--
-- Volcado de datos para la tabla `admin_menu_perfil`
--

INSERT INTO `admin_menu_perfil` (`admin_menu_perfil_id`, `admin_menu_id`, `user_admin_perfil_id`) VALUES
(211, 1, 1),
(2, 2, 1),
(25, 3, 1),
(32, 34, 1),
(31, 33, 1),
(37, 53, 1),
(184, 29, 1),
(27, 4, 1),
(26, 16, 1),
(29, 31, 1),
(198, 111, 1),
(33, 37, 1),
(35, 50, 1),
(36, 51, 1),
(38, 54, 1),
(30, 32, 1),
(39, 52, 1),
(40, 55, 1),
(41, 56, 1),
(42, 43, 1),
(185, 42, 1),
(44, 44, 1),
(199, 112, 1),
(46, 47, 1),
(47, 48, 1),
(48, 40, 1),
(49, 57, 1),
(50, 58, 1),
(144, 70, 1),
(52, 61, 1),
(53, 62, 1),
(54, 63, 1),
(55, 64, 1),
(56, 14, 1),
(200, 113, 1),
(58, 18, 1),
(59, 25, 1),
(60, 27, 1),
(61, 28, 1),
(62, 30, 1),
(63, 38, 1),
(64, 39, 1),
(65, 35, 1),
(66, 60, 1),
(67, 15, 1),
(68, 19, 1),
(69, 20, 1),
(70, 45, 1),
(71, 41, 1),
(72, 21, 1),
(73, 22, 1),
(74, 23, 1),
(75, 24, 1),
(96, 26, 1),
(98, 36, 1),
(196, 68, 1),
(143, 69, 1),
(141, 59, 1),
(134, 67, 1),
(135, 66, 1),
(148, 71, 1),
(149, 72, 1),
(150, 73, 1),
(151, 74, 1),
(152, 75, 1),
(195, 76, 1),
(154, 77, 1),
(155, 78, 1),
(161, 79, 1),
(162, 80, 1),
(197, 110, 1),
(164, 82, 1),
(165, 83, 1),
(166, 84, 1),
(167, 85, 1),
(168, 86, 1),
(169, 87, 1),
(170, 88, 1),
(171, 89, 1),
(172, 90, 1),
(173, 91, 1),
(174, 92, 1),
(175, 93, 1),
(176, 94, 1),
(177, 95, 1),
(178, 96, 1),
(179, 97, 1),
(180, 98, 1),
(181, 99, 1),
(182, 100, 1),
(183, 101, 1),
(186, 102, 1),
(187, 103, 1),
(188, 104, 1),
(190, 105, 1),
(191, 106, 1),
(192, 107, 1),
(193, 108, 1),
(194, 109, 1),
(204, 114, 1),
(214, 115, 1),
(215, 116, 1),
(216, 119, 1),
(217, 120, 1),
(218, 121, 1),
(219, 122, 1),
(220, 117, 1),
(221, 118, 1),
(222, 123, 1),
(223, 124, 1),
(227, 120, 2),
(226, 125, 1),
(228, 120, 3),
(306, 121, 2),
(230, 121, 3),
(231, 122, 2),
(232, 122, 3),
(233, 116, 2),
(234, 116, 3),
(235, 117, 2),
(236, 117, 3),
(237, 118, 2),
(238, 124, 2),
(239, 124, 3),
(240, 1, 2),
(241, 1, 3),
(242, 1, 5),
(243, 1, 6),
(297, 126, 1),
(245, 2, 2),
(246, 14, 2),
(247, 15, 2),
(248, 3, 2),
(400, 178, 2),
(399, 178, 1),
(398, 177, 2),
(387, 170, 1),
(254, 107, 2),
(255, 40, 2),
(298, 127, 1),
(257, 16, 2),
(258, 18, 2),
(259, 23, 2),
(260, 24, 2),
(261, 3, 3),
(262, 16, 3),
(263, 19, 3),
(264, 19, 2),
(265, 20, 2),
(266, 20, 3),
(267, 45, 2),
(268, 45, 3),
(388, 171, 1),
(270, 41, 3),
(271, 75, 2),
(272, 27, 2),
(273, 32, 2),
(275, 33, 2),
(276, 34, 2),
(277, 37, 2),
(278, 108, 2),
(279, 70, 2),
(280, 69, 2),
(281, 96, 2),
(282, 97, 2),
(283, 98, 2),
(284, 108, 3),
(285, 70, 3),
(286, 69, 3),
(288, 64, 2),
(289, 66, 2),
(290, 67, 2),
(291, 71, 2),
(292, 72, 2),
(293, 74, 2),
(294, 77, 2),
(295, 78, 2),
(299, 128, 1),
(300, 129, 1),
(301, 130, 1),
(302, 131, 1),
(303, 132, 1),
(304, 133, 1),
(305, 134, 1),
(307, 135, 1),
(308, 136, 1),
(309, 137, 1),
(311, 49, 1),
(325, 28, 2),
(324, 80, 2),
(323, 29, 2),
(322, 31, 2),
(401, 179, 1),
(320, 138, 2),
(319, 138, 1),
(326, 30, 2),
(327, 39, 2),
(328, 35, 2),
(329, 49, 2),
(330, 52, 2),
(331, 50, 2),
(332, 51, 2),
(333, 53, 2),
(334, 54, 2),
(335, 55, 2),
(336, 56, 2),
(337, 57, 2),
(338, 58, 2),
(339, 43, 2),
(340, 76, 2),
(341, 128, 2),
(342, 131, 2),
(343, 130, 2),
(344, 129, 2),
(346, 133, 2),
(347, 132, 2),
(348, 139, 1),
(349, 140, 1),
(350, 141, 1),
(351, 142, 1),
(352, 143, 1),
(353, 144, 1),
(354, 145, 1),
(355, 146, 1),
(356, 147, 1),
(357, 148, 1),
(358, 68, 2),
(359, 68, 3),
(360, 149, 1),
(361, 150, 1),
(362, 151, 1),
(363, 152, 1),
(364, 153, 1),
(365, 154, 1),
(366, 155, 1),
(367, 156, 1),
(368, 157, 1),
(369, 158, 1),
(370, 159, 1),
(371, 160, 1),
(372, 161, 1),
(397, 177, 1),
(375, 155, 2),
(376, 154, 2),
(377, 157, 2),
(378, 162, 1),
(379, 162, 2),
(380, 163, 1),
(381, 164, 1),
(382, 165, 1),
(383, 166, 1),
(384, 167, 1),
(385, 168, 1),
(386, 169, 1),
(389, 172, 1),
(390, 173, 1),
(391, 174, 1),
(392, 175, 1),
(393, 175, 2),
(394, 176, 1),
(395, 176, 2),
(402, 179, 2),
(403, 180, 1),
(404, 180, 2),
(405, 181, 1),
(406, 181, 2),
(407, 182, 1),
(408, 182, 2),
(409, 183, 1),
(410, 183, 2),
(411, 184, 1),
(412, 184, 2),
(413, 185, 1),
(414, 185, 2),
(415, 186, 1),
(416, 187, 1),
(417, 188, 1),
(418, 161, 2),
(419, 189, 1),
(420, 189, 2),
(421, 190, 1),
(422, 191, 1),
(425, 110, 2),
(426, 112, 2),
(431, 192, 1),
(432, 193, 1),
(433, 194, 1),
(434, 195, 1),
(460, 195, 5),
(436, 196, 1),
(438, 192, 2),
(439, 193, 2),
(440, 194, 2),
(442, 197, 1),
(443, 198, 1),
(444, 199, 1),
(445, 200, 1),
(446, 201, 1),
(447, 202, 1),
(448, 197, 2),
(449, 201, 2),
(450, 198, 2),
(451, 202, 2),
(452, 200, 2),
(453, 199, 2),
(454, 197, 5),
(455, 200, 5),
(456, 198, 5),
(457, 199, 5),
(458, 201, 5),
(459, 202, 5),
(461, 195, 2),
(462, 124, 5),
(463, 16, 5),
(464, 19, 5),
(465, 45, 5),
(466, 192, 5),
(467, 193, 5),
(468, 194, 5);

-- --------------------------------------------------------

--
-- Estructura de tabla para la tabla `admin_opcion`
--

CREATE TABLE `admin_opcion` (
  `admin_opcion_id` int(11) NOT NULL,
  `admin_menu_id` int(11) NOT NULL DEFAULT '0',
  `titulo` varchar(255) NOT NULL DEFAULT '',
  `link` varchar(255) NOT NULL DEFAULT '',
  `orden` int(4) NOT NULL DEFAULT '0'
) ENGINE=MyISAM DEFAULT CHARSET=latin1;

--
-- Volcado de datos para la tabla `admin_opcion`
--

INSERT INTO `admin_opcion` (`admin_opcion_id`, `admin_menu_id`, `titulo`, `link`, `orden`) VALUES
(1, 124, 'Nuevo', 'modulo/user_web/usuario_web_nuevo.php', 1),
(2, 124, 'Listar Contactos', 'modulo/user_web/usuario_web_lista.php', 2),
(5, 120, 'Nueva', 'modulo/seccion/seccion_nuevo.php?idcarpeta=15', 1),
(6, 120, 'Ver', 'modulo/seccion/seccion_ver.php?idcarpeta=15', 2),
(12, 119, 'Ver', 'modulo/seccion/seccion_ver.php?idcarpeta=27', 2),
(14, 118, 'Ver', 'modulo/seccion/seccion_ver_lista.php?idcarpeta=27', 2),
(15, 118, 'Nuevo', 'modulo/seccion/seccion_nuevo.php?idcarpeta=27', 1),
(16, 121, 'Nueva', 'modulo/seccion/seccion_nuevo.php?idcarpeta=25', 1),
(17, 121, 'Ver', 'modulo/seccion/seccion_ver.php?idcarpeta=25', 2),
(18, 117, 'Nuevo', 'modulo/seccion/seccion_nuevo.php?idcarpeta=1', 1),
(19, 117, 'Ver', 'modulo/seccion/seccion_ver.php?idcarpeta=1', 2),
(20, 122, 'Nuevo', 'modulo/seccion/seccion_nuevo.php?idcarpeta=20', 1),
(21, 122, 'Ver', 'modulo/seccion/seccion_ver.php?idcarpeta=20', 2),
(23, 120, 'Nueva Carpeta', 'modulo/carpeta/carpeta_nuevo.php?idcarpeta=15', 3),
(24, 121, 'Nueva Carpeta', 'modulo/carpeta/carpeta_nuevo.php?idcarpeta=25', 3),
(25, 122, 'Nueva Carpeta', 'modulo/carpeta/carpeta_nuevo.php?idcarpeta=20', 3),
(28, 161, 'Pais', 'modulo/pais/pa_pais_ver.php', 1),
(29, 161, 'Provincia', 'modulo/provincia/pa_provincia_ver.php', 2),
(54, 162, 'Nuevo', 'modulo/user_admin/usuario_admin_nuevo.php', 1),
(55, 162, 'Listado', 'modulo/user_admin/usuario_admin_ver.php', 2),
(56, 162, 'Perfiles', 'modulo/user_admin/usuario_admin_perfil_ver.php', 3),
(64, 166, 'Idioma', 'modulo/idioma/idioma_ver.php', 1),
(65, 166, 'Sucursales', 'modulo/sucursal/sucursal_ver.php', 2),
(66, 166, 'Registracion', 'modulo/datos_sitio/config_registro.php', 3),
(76, 195, 'Nueva Propiedad', 'modulo/inmueble/inmueble_nuevo.php', 1),
(77, 195, 'Buscar Propiedades', 'modulo/inmueble/inmueble_ver.php', 2);

-- --------------------------------------------------------

--
-- Estructura de tabla para la tabla `admin_opcion_perfil`
--

CREATE TABLE `admin_opcion_perfil` (
  `admin_opcion_perfil_id` int(11) NOT NULL,
  `admin_opcion_id` int(11) NOT NULL DEFAULT '0',
  `user_admin_perfil_id` int(11) NOT NULL DEFAULT '1'
) ENGINE=MyISAM DEFAULT CHARSET=latin1;

--
-- Volcado de datos para la tabla `admin_opcion_perfil`
--

INSERT INTO `admin_opcion_perfil` (`admin_opcion_perfil_id`, `admin_opcion_id`, `user_admin_perfil_id`) VALUES
(1, 3, 1),
(3, 5, 1),
(4, 6, 1),
(15, 16, 1),
(16, 17, 1),
(7, 1, 1),
(11, 12, 1),
(17, 18, 1),
(13, 14, 1),
(14, 15, 1),
(18, 19, 1),
(19, 20, 1),
(20, 21, 1),
(21, 2, 1),
(23, 23, 1),
(24, 24, 1),
(25, 25, 1),
(26, 5, 2),
(27, 5, 3),
(28, 6, 2),
(29, 6, 3),
(30, 23, 2),
(31, 16, 3),
(32, 16, 2),
(33, 17, 2),
(34, 17, 3),
(35, 24, 2),
(36, 20, 2),
(37, 20, 3),
(38, 21, 2),
(39, 21, 3),
(40, 25, 2),
(45, 18, 2),
(46, 18, 3),
(47, 19, 2),
(48, 19, 3),
(49, 15, 2),
(50, 14, 2),
(51, 1, 2),
(52, 2, 2),
(55, 1, 3),
(56, 2, 3),
(61, 24, 3),
(71, 28, 1),
(72, 29, 1),
(73, 28, 2),
(74, 29, 2),
(160, 76, 2),
(124, 54, 1),
(125, 55, 1),
(126, 56, 1),
(127, 54, 2),
(128, 55, 2),
(159, 76, 1),
(143, 64, 1),
(144, 65, 1),
(145, 66, 1),
(162, 77, 2),
(161, 77, 1),
(165, 76, 5),
(166, 77, 5),
(167, 1, 5),
(168, 2, 5);

-- --------------------------------------------------------

--
-- Estructura de tabla para la tabla `dato_sitio`
--

CREATE TABLE `dato_sitio` (
  `dato_sitio_id` int(11) NOT NULL,
  `emp_nombre` varchar(255) NOT NULL DEFAULT '',
  `emp_prefijo` varchar(255) NOT NULL DEFAULT '',
  `emp_datos_generales` text NOT NULL,
  `emp_telefonos` text NOT NULL,
  `emp_direccion` text NOT NULL,
  `pie` varchar(255) NOT NULL DEFAULT '',
  `meta_tag_title` varchar(255) NOT NULL DEFAULT '',
  `meta_tag_keywords` text NOT NULL,
  `meta_tag_description` text NOT NULL,
  `meta_tag_revisit_after` int(2) NOT NULL DEFAULT '0',
  `codigo_contacto` varchar(255) NOT NULL DEFAULT '',
  `titulo_descarga` varchar(255) NOT NULL DEFAULT '',
  `copyright` varchar(255) NOT NULL DEFAULT '',
  `cont_prod_mail_destino` varchar(255) NOT NULL DEFAULT '',
  `cont_prod_mail_desde` varchar(255) NOT NULL DEFAULT '',
  `cont_prod_mail_ideas2` varchar(255) NOT NULL DEFAULT '',
  `cont_prod_mail_asunto` varchar(255) NOT NULL DEFAULT '',
  `env_amigo_asunto` varchar(255) NOT NULL DEFAULT '',
  `cont_mail_destino` varchar(255) NOT NULL DEFAULT '',
  `cont_mail_desde` varchar(255) NOT NULL DEFAULT '',
  `cont_mail_asunto` varchar(255) NOT NULL DEFAULT '',
  `admin_titulo` varchar(255) NOT NULL DEFAULT '',
  `mantenimiento` int(2) NOT NULL DEFAULT '1',
  `ca_carrito_usar` tinyint(4) NOT NULL DEFAULT '1',
  `ca_mail_destino` varchar(255) NOT NULL DEFAULT '',
  `ca_asunto` varchar(255) NOT NULL DEFAULT '',
  `ca_cuenta_bancaria` text NOT NULL,
  `keywords` int(11) NOT NULL DEFAULT '2',
  `ne_mail_destino` varchar(255) NOT NULL DEFAULT '',
  `ne_mail_desde` varchar(255) NOT NULL DEFAULT '',
  `ne_mail_desde_nombre` varchar(255) NOT NULL DEFAULT '',
  `ne_marco_fondo` varchar(20) NOT NULL DEFAULT '',
  `ne_marco_borde` int(2) NOT NULL DEFAULT '0',
  `ne_marco_borde_color` varchar(20) NOT NULL DEFAULT '',
  `reg_confirmacion_usuario` tinyint(1) NOT NULL DEFAULT '1',
  `reg_aprobacion_moderador` tinyint(1) NOT NULL DEFAULT '1',
  `reg_mail_moderador` varchar(255) NOT NULL DEFAULT '',
  `reg_mail_desde` varchar(40) NOT NULL DEFAULT '',
  `reg_titulo` varchar(255) NOT NULL DEFAULT ''
) ENGINE=MyISAM DEFAULT CHARSET=latin1;

--
-- Volcado de datos para la tabla `dato_sitio`
--

INSERT INTO `dato_sitio` (`dato_sitio_id`, `emp_nombre`, `emp_prefijo`, `emp_datos_generales`, `emp_telefonos`, `emp_direccion`, `pie`, `meta_tag_title`, `meta_tag_keywords`, `meta_tag_description`, `meta_tag_revisit_after`, `codigo_contacto`, `titulo_descarga`, `copyright`, `cont_prod_mail_destino`, `cont_prod_mail_desde`, `cont_prod_mail_ideas2`, `cont_prod_mail_asunto`, `env_amigo_asunto`, `cont_mail_destino`, `cont_mail_desde`, `cont_mail_asunto`, `admin_titulo`, `mantenimiento`, `ca_carrito_usar`, `ca_mail_destino`, `ca_asunto`, `ca_cuenta_bancaria`, `keywords`, `ne_mail_destino`, `ne_mail_desde`, `ne_mail_desde_nombre`, `ne_marco_fondo`, `ne_marco_borde`, `ne_marco_borde_color`, `reg_confirmacion_usuario`, `reg_aprobacion_moderador`, `reg_mail_moderador`, `reg_mail_desde`, `reg_titulo`) VALUES
(1, 'GNV Real Estate', '', 'GNV Real Estate', '', '', '', 'GNV Real Estate', '.', '.', 0, '', 'Trave54', 'Todos derechos reservados.', '', '', 'adm@didstudio.com.ar', '', '', 'sistemas@gnvrealestate.com', 'sistemas@gnvrealestate.com', 'Consulta Web:', 'GNV Real Estate - Panel de Control', 1, 1, 'adm@didstudio.com.ar', 'Pedido para Travel54', '', 0, '', '', 'Newsletter', '#FFFFFF', 1, '#C8CFD3', 2, 2, 'adm@didstudio.com.ar', 'info@didstudio.com.ar', 'Travel54'),
(2, 'GNV Real Estate', '', 'GNV Real Estate', '', '', '', 'GNV Real Estate', '.', '.', 0, '', '', 'Todos derechos reservados.', '', '', 'adm@didstudio.com.ar', '', '', 'sistemas@gnvrealestate.com', 'sistemas@gnvrealestate.com', 'Consulta Web:', 'GNV Real Estate - Panel de Control', 1, 1, '', '', '', 0, '', '', '', '', 0, '', 1, 1, '', '', ''),
(3, 'GNV Real Estate', '', 'GNV Real Estate', '', '', '', 'GNV Real Estate', '.', '.', 0, '', '', 'Todos derechos reservados.', '', '', 'adm@didstudio.com.ar', '', '', 'sistemas@gnvrealestate.com', 'sistemas@gnvrealestate.com', 'Consulta Web:', 'GNV Real Estate - Panel de Control', 1, 1, '', '', '', 0, '', '', '', '', 0, '', 1, 1, '', '', '');

-- --------------------------------------------------------

--
-- Estructura de tabla para la tabla `pais`
--

CREATE TABLE `pais` (
  `pais_id` int(4) DEFAULT NULL,
  `titulo` varchar(255) DEFAULT NULL,
  `estado` int(11) NOT NULL DEFAULT '1'
) ENGINE=MyISAM DEFAULT CHARSET=latin1 COMMENT='Tabla de paises (listado con codigos)';

--
-- Volcado de datos para la tabla `pais`
--

INSERT INTO `pais` (`pais_id`, `titulo`, `estado`) VALUES
(93, 'Afganistán', 1),
(355, 'Albania', 1),
(49, 'Alemania', 1),
(376, 'Andorra', 1),
(244, 'Angola', 1),
(1021, 'Antigua y Barbuda', 1),
(5902, 'Antillas', 1),
(5901, 'Antillas Francesas', 1),
(599, 'Antillas Holandesas', 1),
(966, 'Arabia Saudita', 1),
(213, 'Argelia', 1),
(54, 'Argentina', 1),
(374, 'Armenia', 1),
(297, 'Aruba', 1),
(61, 'Australia', 1),
(43, 'Austria', 1),
(994, 'Azerbaiyán', 1),
(103, 'Bahamas', 1),
(973, 'Bahrein', 1),
(880, 'Bangladesh', 1),
(104, 'Barbados', 1),
(120, 'Barbudea', 1),
(32, 'Bélgica', 1),
(501, 'Belice', 1),
(229, 'Benín', 1),
(105, 'Bermuda', 1),
(375, 'Bielorrusia', 1),
(591, 'Bolivia', 1),
(387, 'Bosnia - Herzegovina', 1),
(267, 'Botswana', 1),
(55, 'Brasil', 1),
(673, 'Brunei', 1),
(359, 'Bulgaria', 1),
(226, 'Burkina Faso', 1),
(257, 'Burundi', 1),
(975, 'Bután', 1),
(238, 'Cabo Verde', 1),
(855, 'Cambodia', 1),
(237, 'Camerún', 1),
(107, 'Canadá', 1),
(235, 'Chad', 1),
(56, 'Chile', 1),
(86, 'China', 1),
(357, 'Chipre', 1),
(269, 'Comores', 1),
(57, 'Colombia', 1),
(850, 'Corea del Norte', 1),
(82, 'Corea del Sur', 1),
(506, 'Costa Rica', 1),
(385, 'Croacia', 1),
(53, 'Cuba', 1),
(45, 'Dinamarca', 1),
(253, 'Djibouti', 1),
(109, 'Dominica', 1),
(593, 'Ecuador', 1),
(20, 'Egipto', 1),
(503, 'El Salvador', 1),
(971, 'Emiratos Árabes Unidos', 1),
(291, 'Eritrea', 1),
(421, 'Eslovaquia', 1),
(386, 'Eslovenia', 1),
(34, 'España', 1),
(1, 'Estados Unidos', 1),
(372, 'Estonia', 1),
(251, 'Etiopía', 1),
(679, 'Fiji', 1),
(63, 'Filipinas', 1),
(358, 'Finlandia', 1),
(33, 'Francia', 1),
(241, 'Gabón', 1),
(441, 'Gales', 1),
(220, 'Gambia', 1),
(995, 'Georgia', 1),
(233, 'Ghana', 1),
(111, 'Granada', 1),
(30, 'Grecia', 1),
(299, 'Groenlandia', 1),
(502, 'Guatemala', 1),
(224, 'Guinea', 1),
(245, 'Guinea Bissau', 1),
(240, 'Guinea Ecuatorial', 1),
(592, 'Guyana', 1),
(594, 'Guyana Francesa', 1),
(509, 'Haití', 1),
(31, 'Holanda', 1),
(504, 'Honduras', 1),
(852, 'Hong Kong', 1),
(36, 'Hungría', 1),
(91, 'India', 1),
(62, 'Indonesia', 1),
(98, 'Irán', 1),
(964, 'Iraq', 1),
(353, 'Irlanda', 1),
(354, 'Islandia', 1),
(108, 'Islas Cayman', 1),
(178, 'Islas Canarias', 1),
(298, 'Islas Feroe', 1),
(500, 'Islas Malvinas', 1),
(692, 'Islas Marshall', 1),
(677, 'Islas Salomón', 1),
(123, 'Islas Virgenes', 1),
(106, 'Islas Virgenes Británicas', 1),
(972, 'Israel', 1),
(39, 'Italia', 1),
(112, 'Jamaica', 1),
(81, 'Japón', 1),
(962, 'Jordania', 1),
(731, 'Kazajstán', 1),
(254, 'Kenia', 1),
(733, 'Kirguizistán', 1),
(686, 'Kiribati', 1),
(965, 'Kuwait', 1),
(856, 'Laos', 1),
(266, 'Lesotho', 1),
(371, 'Letonia', 1),
(961, 'Líbano', 1),
(231, 'Liberia', 1),
(218, 'Libia', 1),
(417, 'Liechtenstein', 1),
(370, 'Lituania', 1),
(352, 'Luxemburgo', 1),
(389, 'Macedonia', 1),
(853, 'Macau', 1),
(261, 'Madagascar', 1),
(60, 'Malasia', 1),
(265, 'Malawi', 1),
(960, 'Maldivas', 1),
(223, 'Malí', 1),
(356, 'Malta', 1),
(212, 'Marruecos', 1),
(596, 'Martinica', 1),
(230, 'Mauricio', 1),
(222, 'Mauritania', 1),
(52, 'México', 1),
(691, 'Micronesia', 1),
(373, 'Moldavia', 1),
(377, 'Mónaco', 1),
(976, 'Mongolia', 1),
(258, 'Mozambique', 1),
(95, 'Myamar', 1),
(264, 'Namibia', 1),
(674, 'Naurú', 1),
(977, 'Nepal', 1),
(505, 'Nicaragua', 1),
(227, 'Níger', 1),
(234, 'Nigeria', 1),
(47, 'Noruega', 1),
(64, 'Nueva Zelanda', 1),
(986, 'Omán', 1),
(92, 'Pakistán', 1),
(680, 'Palau', 1),
(595, 'Paraguay', 1),
(507, 'Panamá', 1),
(675, 'Papúa - Nueva Guinea', 1),
(51, 'Perú', 1),
(689, 'Polinesia', 1),
(48, 'Polonia', 1),
(351, 'Portugal', 1),
(121, 'Puerto Rico', 1),
(974, 'Qatar', 1),
(44, 'Reino Unido', 1),
(236, 'República Centroafricana', 1),
(420, 'República Checa', 1),
(242, 'República del Congo', 1),
(243, 'República Democrática del Congo', 1),
(110, 'República Dominicana', 1),
(27, 'República Sudafricana', 1),
(250, 'Ruanda', 1),
(40, 'Rumanía', 1),
(7, 'Rusia', 1),
(685, 'Samoa Occidental', 1),
(114, 'San Cristóbal y Nevis', 1),
(378, 'San Marino', 1),
(116, 'San Vicente y Granadinas', 1),
(122, 'Santa Lucía', 1),
(239, 'Santo Tomé y Príncipe', 1),
(221, 'Senegal', 1),
(248, 'Seychelles', 1),
(232, 'Sierra Leona', 1),
(65, 'Singapur', 1),
(963, 'Siria', 1),
(252, 'Somalia', 1),
(94, 'Sri Lanka', 1),
(249, 'Sudán', 1),
(46, 'Suecia', 1),
(41, 'Suiza', 1),
(597, 'Surinam', 1),
(268, 'Swazilandia', 1),
(66, 'Tailandia', 1),
(886, 'Taiwán', 1),
(255, 'Tanzania', 1),
(708, 'Tayikistán', 1),
(228, 'Togo', 1),
(676, 'Tonga', 1),
(117, 'Trinidad y Tobago', 1),
(216, 'Túnez', 1),
(709, 'Turkmenistán', 1),
(90, 'Turquía', 1),
(688, 'Tuvalú', 1),
(380, 'Ucrania', 1),
(256, 'Uganda', 1),
(598, 'Uruguay', 1),
(711, 'Uzbekistán', 1),
(678, 'Vanuatú', 1),
(379, 'Vaticano', 1),
(58, 'Venezuela', 1),
(84, 'Vietnam', 1),
(967, 'Yemen', 1),
(381, 'Yugoslavia', 1),
(3811, 'Yugoslavia - Serbia', 1),
(382, 'Yugoslavia - Montenegro', 1),
(260, 'Zambia', 1),
(263, 'Zimbabwe', 1),
(5000, 'Otros', 1);

-- --------------------------------------------------------

--
-- Estructura de tabla para la tabla `pais_provincia`
--

CREATE TABLE `pais_provincia` (
  `provincia_id` int(4) NOT NULL,
  `pais_id` int(11) NOT NULL DEFAULT '0',
  `titulo` varchar(50) DEFAULT NULL,
  `posicion` int(4) NOT NULL DEFAULT '0',
  `estado` int(2) NOT NULL DEFAULT '1'
) ENGINE=MyISAM DEFAULT CHARSET=latin1 COMMENT='Tabla de Provincias (listado con codigos)';

--
-- Volcado de datos para la tabla `pais_provincia`
--

INSERT INTO `pais_provincia` (`provincia_id`, `pais_id`, `titulo`, `posicion`, `estado`) VALUES
(1, 54, 'Capital Federal', 1, 1),
(2, 54, 'Buenos Aires', 2, 1),
(3, 54, 'Santa Fé', 6, 1),
(4, 54, 'Entre Ríos', 7, 1),
(5, 54, 'Corrientes', 8, 1),
(6, 54, 'Misiones', 9, 1),
(7, 54, 'Chaco', 10, 1),
(8, 54, 'Formosa', 11, 1),
(9, 54, 'Córdoba', 12, 1),
(10, 54, 'Santiago del Estero', 13, 1),
(11, 54, 'Jujuy', 14, 1),
(12, 54, 'Salta', 15, 1),
(13, 54, 'La Rioja', 16, 1),
(14, 54, 'San Juan', 17, 1),
(15, 54, 'Tucumán', 18, 1),
(16, 54, 'Mendoza', 19, 1),
(17, 54, 'San Luis', 20, 1),
(18, 54, 'La Pampa', 21, 1),
(19, 54, 'Neuquén', 22, 1),
(20, 54, 'Río Negro', 23, 1),
(21, 54, 'Chubut', 24, 1),
(22, 54, 'Santa Cruz', 25, 1),
(23, 54, 'Tierra del Fuego', 26, 1),
(24, 54, 'Catamarca', 27, 1),
(25, 54, 'Gran Bs As Norte', 3, 1),
(26, 54, 'Gran Bs As Sur', 4, 1),
(27, 54, 'Gran Bs As Oeste', 5, 1),
(28, 34, 'Álava', 0, 1),
(29, 34, 'Albacete', 0, 1),
(30, 34, 'Alicante', 0, 1),
(31, 34, 'Almería', 0, 1),
(32, 34, 'Asturias', 0, 1),
(33, 34, 'Ávila', 0, 1),
(34, 34, 'Badajoz', 0, 1),
(35, 34, 'Islas Baleares', 0, 1),
(36, 34, 'Barcelona', 0, 1),
(37, 34, 'Burgos', 0, 1),
(38, 34, 'Cáceres', 0, 1),
(39, 34, 'Cádiz', 0, 1),
(40, 34, 'Cantabria', 0, 1),
(41, 34, 'Castellón', 0, 1),
(42, 34, 'Ceuta', 0, 1),
(43, 34, 'Ciudad Real', 0, 1),
(44, 34, 'Córdoba', 0, 1),
(45, 34, 'La Coruña', 0, 1),
(46, 34, 'Cuenca', 0, 1),
(47, 34, 'Girona', 0, 1),
(48, 34, 'Granada', 0, 1),
(49, 34, 'Guadalajara', 0, 1),
(50, 34, 'Guipúzcoa', 0, 1),
(51, 34, 'Huelva', 0, 1),
(52, 34, 'Huesca', 0, 1),
(53, 34, 'Jaén', 0, 1),
(54, 34, 'León', 0, 1),
(55, 34, 'Lleida', 0, 1),
(56, 34, 'Lugo', 0, 1),
(57, 34, 'Madrid', 0, 1),
(58, 34, 'Málaga', 0, 1),
(59, 34, 'Melilla', 0, 1),
(60, 34, 'Murcia', 0, 1),
(61, 34, 'Navarra', 0, 1),
(62, 34, 'Orense', 0, 1),
(63, 34, 'Palencia', 0, 1),
(64, 34, 'Las Palmas', 0, 1),
(65, 34, 'Pontevedra', 0, 1),
(66, 34, 'La Rioja', 0, 1),
(67, 34, 'Salamanca', 0, 1),
(68, 34, 'Segovia', 0, 1),
(69, 34, 'Soria', 0, 1),
(70, 34, 'Tarragona', 0, 1),
(71, 34, 'S.C.Tenerife', 0, 1),
(72, 34, 'Teruel', 0, 1),
(73, 34, 'Toledo', 0, 1),
(74, 34, 'Valencia', 0, 1),
(75, 34, 'Valladolid', 0, 1),
(76, 34, 'Vizcaya', 0, 1),
(77, 34, 'Zamora', 0, 1),
(78, 34, 'Zaragoza', 0, 1);

-- --------------------------------------------------------

--
-- Estructura de tabla para la tabla `pais_zona`
--

CREATE TABLE `pais_zona` (
  `zona_id` int(11) NOT NULL,
  `pais_id` int(11) NOT NULL DEFAULT '0',
  `provincia_id` int(11) NOT NULL DEFAULT '0',
  `titulo` varchar(255) NOT NULL DEFAULT '',
  `descripcion` text NOT NULL,
  `posicion` int(4) NOT NULL DEFAULT '0',
  `estado` int(2) NOT NULL DEFAULT '1'
) ENGINE=MyISAM DEFAULT CHARSET=latin1;

--
-- Volcado de datos para la tabla `pais_zona`
--

INSERT INTO `pais_zona` (`zona_id`, `pais_id`, `provincia_id`, `titulo`, `descripcion`, `posicion`, `estado`) VALUES
(61, 54, 2, '9 de Julio', '', 0, 1),
(60, 54, 2, '25 de Mayo', '', 0, 1),
(59, 54, 2, '16 de Julio', '', 0, 1),
(11, 54, 1, 'Agronomía', '', 0, 1),
(12, 54, 1, 'Almagro', '', 0, 1),
(13, 54, 1, 'Balvanera', '', 0, 1),
(14, 54, 1, 'Barracas', '', 0, 1),
(15, 54, 1, 'Belgrano', 'Es uno de los barrios más coquetos y con mayor vida nocturna de la cuidad. Las Cañitas se ha transformado en el barrio más solicitado por los visitantes de nuestra ciudad y se ha convertido en uno de los centros gastronómicos más importantes de Buenos Aires. <br>\nLimita con la cancha de polo de Palermo.', 0, 1),
(16, 54, 1, 'Boedo', '', 0, 1),
(17, 54, 1, 'Caballito', '', 0, 1),
(18, 54, 1, 'Chacarita', '', 0, 1),
(19, 54, 1, 'Coghlan', '', 0, 1),
(20, 54, 1, 'Colegiales', '', 0, 1),
(21, 54, 1, 'Constitución', '', 0, 1),
(22, 54, 1, 'Flores', '', 0, 1),
(23, 54, 1, 'Floresta', '', 0, 1),
(24, 54, 1, 'La Boca', '', 0, 1),
(25, 54, 1, 'La Paternal', '', 0, 1),
(26, 54, 1, 'Liniers', '', 0, 1),
(27, 54, 1, 'Mataderos', '', 0, 1),
(28, 54, 1, 'Monte Castro', '', 0, 1),
(29, 54, 1, 'Monserrat', '', 0, 1),
(30, 54, 1, 'Nueva Pompeya', '', 0, 1),
(31, 54, 1, 'Núñez', '', 0, 1),
(32, 54, 1, 'Palermo', '', 0, 1),
(33, 54, 1, 'Parque Avellaneda', '', 0, 1),
(34, 54, 1, 'Parque Chacabuco', '', 0, 1),
(35, 54, 1, 'Parque Chas', '', 0, 1),
(36, 54, 1, 'Parque Patricios', '', 0, 1),
(37, 54, 1, 'Puerto Madero', '', 0, 1),
(38, 54, 1, 'Recoleta', '', 0, 1),
(39, 54, 1, 'Retiro', '', 0, 1),
(40, 54, 1, 'Saavedra', '', 0, 1),
(41, 54, 1, 'San Cristóbal', '', 0, 1),
(42, 54, 1, 'San Nicolás', '', 0, 1),
(43, 54, 1, 'San Telmo', '', 0, 1),
(44, 54, 1, 'Vélez Sársfield', '', 0, 1),
(45, 54, 1, 'Versalles', '', 0, 1),
(46, 54, 1, 'Villa Crespo', '', 0, 1),
(47, 54, 1, 'Villa del Parque', '', 0, 1),
(48, 54, 1, 'Villa Devoto', '', 0, 1),
(49, 54, 1, 'Villa Gral. Mitre', '', 0, 1),
(50, 54, 1, 'Villa Lugano', '', 0, 1),
(51, 54, 1, 'Villa Luro', '', 0, 1),
(52, 54, 1, 'Villa Ortúzar', '', 0, 1),
(53, 54, 1, 'Villa Pueyrredón', '', 0, 1),
(54, 54, 1, 'Villa Real', '', 0, 1),
(55, 54, 1, 'Villa Riachuelo', '', 0, 1),
(56, 54, 1, 'Villa Santa Rita', '', 0, 1),
(57, 54, 1, 'Villa Soldati', '', 0, 1),
(58, 54, 1, 'Villa Urquiza', '', 0, 1),
(62, 54, 2, 'Acevedo', '', 0, 1),
(63, 54, 2, 'Adela', '', 0, 1),
(64, 54, 2, 'Adolfo Gonzáles Chaves', '', 0, 1),
(65, 54, 2, 'Aeroparque', '', 0, 1),
(66, 54, 2, 'Agustina', '', 0, 1),
(67, 54, 2, 'Alberti', '', 0, 1),
(68, 54, 2, 'América', '', 0, 1),
(69, 54, 2, 'Andant', '', 0, 1),
(70, 54, 2, 'Anderson', '', 0, 1),
(71, 54, 2, 'Acassuso', '', 0, 1),
(72, 54, 2, 'Arboledas', '', 0, 1),
(73, 54, 2, 'Arenaza', '', 0, 1),
(74, 54, 2, 'Arrecifes', '', 0, 1),
(75, 54, 2, 'Arribeños', '', 0, 1),
(76, 54, 2, 'Arroyo Dulce', '', 0, 1),
(77, 54, 2, 'Ascensión', '', 0, 1),
(78, 54, 2, 'Atalaya', '', 0, 1),
(79, 54, 2, 'Avestruz', '', 0, 1),
(80, 54, 2, 'Ayacucho', '', 0, 1),
(81, 54, 2, 'Avellaneda', '', 0, 1),
(82, 54, 2, 'Azul', '', 0, 1),
(83, 54, 2, 'Bahía Blanca', '', 0, 1),
(84, 54, 2, 'Balcarce', '', 0, 1),
(85, 54, 2, 'Baln. San Cayetano', '', 0, 1),
(86, 54, 2, 'Balneario Orense', '', 0, 1),
(87, 54, 2, 'Balneario Oriente', '', 0, 1),
(88, 54, 2, 'Banderaló', '', 0, 1),
(89, 54, 2, 'Baradero', '', 0, 1),
(90, 54, 2, 'Barker', '', 0, 1),
(91, 54, 2, 'Batán', '', 0, 1),
(92, 54, 2, 'Belén de Escobar', '', 0, 1),
(93, 54, 2, 'Benito Juárez', '', 0, 1),
(94, 54, 2, 'Berisso', '', 0, 1),
(95, 54, 2, 'Berutti', '', 0, 1),
(96, 54, 2, 'Blancagrande', '', 0, 1),
(97, 54, 2, 'Banfield', '', 0, 1),
(98, 54, 2, 'Barrio Aeronáutico', '', 0, 1),
(99, 54, 2, 'Barrio Parque General San Martín', '', 0, 1),
(100, 54, 2, 'Béccar', '', 0, 1),
(101, 54, 2, 'Bella Vista', '', 0, 1),
(102, 54, 2, 'Bernal', '', 0, 1),
(103, 54, 2, 'Billinghurst', '', 0, 1),
(104, 54, 2, 'Blaquier', '', 0, 1),
(105, 54, 2, 'Bocayuva', '', 0, 1),
(106, 54, 2, 'Bordenave', '', 0, 1),
(107, 54, 2, 'Bragado', '', 0, 1),
(108, 54, 2, 'Brandsen', '', 0, 1),
(109, 54, 2, 'Buenos Aires', '', 0, 1),
(110, 54, 2, 'Cacharí', '', 0, 1),
(111, 54, 2, 'Calfucurá', '', 0, 1),
(112, 54, 2, 'Camet', '', 0, 1),
(113, 54, 2, 'Campana', '', 0, 1),
(114, 54, 2, 'Campodónico', '', 0, 1),
(115, 54, 2, 'Campos Salles', '', 0, 1),
(116, 54, 2, 'Boulogne', '', 0, 1),
(117, 54, 2, 'Campo de Mayo', '', 0, 1),
(118, 54, 2, 'Cangallo', '', 0, 1),
(119, 54, 2, 'Cañada Seca', '', 0, 1),
(120, 54, 2, 'Cañuelas', '', 0, 1),
(121, 54, 2, 'Capilla del Señor', '', 0, 1),
(122, 54, 2, 'Capitán Sarmiento', '', 0, 1),
(123, 54, 2, 'Carabelas', '', 0, 1),
(124, 54, 2, 'Carhué', '', 0, 1),
(125, 54, 2, 'Cariló', '', 0, 1),
(126, 54, 2, 'Carlos Casares', '', 0, 1),
(127, 54, 2, 'Carlos Tejedor', '', 0, 1),
(128, 54, 2, 'Carmen de Areco', '', 0, 1),
(129, 54, 2, 'Carmen de Patagones', '', 0, 1),
(130, 54, 2, 'Carapachay', '', 0, 1),
(131, 54, 2, 'Casalins', '', 0, 1),
(132, 54, 2, 'Casbas', '', 0, 1),
(133, 54, 2, 'Castelar', '', 0, 1),
(134, 54, 2, 'Castelli', '', 0, 1),
(135, 54, 2, 'Cerrito', '', 0, 1),
(136, 54, 2, 'Chacabuco', '', 0, 1),
(137, 54, 2, 'Chapadmalal', '', 0, 1),
(138, 54, 2, 'Chapaleofu', '', 0, 1),
(139, 54, 2, 'Chascomús', '', 0, 1),
(140, 54, 2, 'Chasicó', '', 0, 1),
(141, 54, 2, 'Chiclana', '', 0, 1),
(142, 54, 2, 'Chillar', '', 0, 1),
(143, 54, 2, 'Caseros', '', 0, 1),
(144, 54, 2, 'Castelar', '', 0, 1),
(145, 54, 2, 'Chilavert', '', 0, 1),
(146, 54, 2, 'Chivilcoy', '', 0, 1),
(147, 54, 2, 'Claraz', '', 0, 1),
(148, 54, 2, 'Claromecó', '', 0, 1),
(149, 54, 2, 'Cnel. Rodolfo Bunge', '', 0, 1),
(150, 54, 2, 'Cobo', '', 0, 1),
(151, 54, 2, 'Coliqueo', '', 0, 1),
(152, 54, 2, 'Colón', '', 0, 1),
(153, 54, 2, 'Condarco', '', 0, 1),
(154, 54, 2, 'Conesa', '', 0, 1),
(155, 54, 2, 'Copetonas', '', 0, 1),
(156, 54, 2, 'Corazzi', '', 0, 1),
(157, 54, 2, 'Coronel Charlone', '', 0, 1),
(158, 54, 2, 'Churruca', '', 0, 1),
(159, 54, 2, 'Ciudad del Libertador General José de San Martín', '', 0, 1),
(160, 54, 2, 'Ciudad Jardín El Libertador', '', 0, 1),
(161, 54, 2, 'Ciudad Jardín Lomas del Palomar', '', 0, 1),
(162, 54, 2, 'Ciudadela', '', 0, 1),
(163, 54, 2, 'Coronel Dorrego', '', 0, 1),
(164, 54, 2, 'Coronel Martínez de Hoz', '', 0, 1),
(165, 54, 2, 'Coronel Pringles', '', 0, 1),
(166, 54, 2, 'Coronel Suárez', '', 0, 1),
(167, 54, 2, 'Coronel Vidal', '', 0, 1),
(168, 54, 2, 'Cristiano Muerto', '', 0, 1),
(169, 54, 2, 'Crotto', '', 0, 1),
(170, 54, 2, 'Cura Malal', '', 0, 1),
(171, 54, 2, 'Curarú', '', 0, 1),
(172, 54, 2, 'Daireaux', '', 0, 1),
(173, 54, 2, 'Darregueira', '', 0, 1),
(174, 54, 2, 'De La Canal', '', 0, 1),
(175, 54, 2, 'Crucecita', '', 0, 1),
(176, 54, 2, 'Del Viso', '', 0, 1),
(177, 54, 2, 'Dolores', '', 0, 1),
(178, 54, 2, 'Don Torcuato', '', 0, 1),
(179, 54, 2, 'D\'Orbigny', '', 0, 1),
(180, 54, 2, 'Doyle', '', 0, 1),
(181, 54, 2, 'Durañona', '', 0, 1),
(182, 54, 2, 'Egaña', '', 0, 1),
(183, 54, 2, 'El Arbolito', '', 0, 1),
(184, 54, 2, 'El Divisorio', '', 0, 1),
(185, 54, 2, 'El Lenguaraz', '', 0, 1),
(186, 54, 2, 'El Mangrullo', '', 0, 1),
(187, 54, 2, 'El Palomar', '', 0, 1),
(188, 54, 2, 'Dock Sud', '', 0, 1),
(189, 54, 2, 'Don Bosco', '', 0, 1),
(190, 54, 2, 'El Libertador', '', 0, 1),
(191, 54, 2, 'El Palomar', '', 0, 1),
(192, 54, 2, 'El Paraíso', '', 0, 1),
(193, 54, 2, 'El Pensamiento', '', 0, 1),
(194, 54, 2, 'El Socorro', '', 0, 1),
(195, 54, 2, 'El Tejar', '', 0, 1),
(196, 54, 2, 'El Triunfo', '', 0, 1),
(197, 54, 2, 'Elvira', '', 0, 1),
(198, 54, 2, 'Emilio V. Bunge', '', 0, 1),
(199, 54, 2, 'Energía', '', 0, 1),
(200, 54, 2, 'Ensenada', '', 0, 1),
(201, 54, 2, 'Espartillar', '', 0, 1),
(202, 54, 2, 'Espigas', '', 0, 1),
(203, 54, 2, 'Estomba', '', 0, 1),
(204, 54, 2, 'El Pilar', '', 0, 1),
(205, 54, 2, 'Ezeiza', '', 0, 1),
(206, 54, 2, 'Facundo Quiroga', '', 0, 1),
(207, 54, 2, 'Faro', '', 0, 1),
(208, 54, 2, 'Fatraló', '', 0, 1),
(209, 54, 2, 'Felipe Solá', '', 0, 1),
(210, 54, 2, 'Ferré', '', 0, 1),
(211, 54, 2, 'Florentino Ameghino', '', 0, 1),
(212, 54, 2, 'Fontezuela', '', 0, 1),
(213, 54, 2, 'Fulton', '', 0, 1),
(214, 54, 2, 'Gral. Alvear', '', 0, 1),
(215, 54, 2, 'Gral. Arenales', '', 0, 1),
(216, 54, 2, 'Gral. Belgrano', '', 0, 1),
(217, 54, 2, 'Ezpeleta', '', 0, 1),
(218, 54, 2, 'Florida Oeste', '', 0, 1),
(219, 54, 2, 'Gerli', '', 0, 1),
(220, 54, 2, 'Girondo', '', 0, 1),
(221, 54, 2, 'Gob. Castro', '', 0, 1),
(222, 54, 2, 'González Moreno', '', 0, 1),
(223, 54, 2, 'Gorchs', '', 0, 1),
(224, 54, 2, 'Guaminí', '', 0, 1),
(225, 54, 2, 'Guerrero', '', 0, 1),
(226, 54, 2, 'Guerrico', '', 0, 1),
(227, 54, 2, 'Henderson', '', 0, 1),
(228, 54, 2, 'Hortensia', '', 0, 1),
(229, 54, 2, 'Huanguelén', '', 0, 1),
(230, 54, 2, 'Hunter', '', 0, 1),
(231, 54, 2, 'Ibáñez', '', 0, 1),
(232, 54, 2, 'Gral. Conesa', '', 0, 1),
(233, 54, 2, 'Gral. Guido', '', 0, 1),
(234, 54, 2, 'Gral. La Madrid', '', 0, 1),
(235, 54, 2, 'Gral. Las Heras', '', 0, 1),
(236, 54, 2, 'Gral. Lavalle', '', 0, 1),
(237, 54, 2, 'Gral. Madariaga', '', 0, 1),
(238, 54, 2, 'Gral. Pinto', '', 0, 1),
(239, 54, 2, 'Gral. Pirán', '', 0, 1),
(240, 54, 2, 'Gral. Rojo', '', 0, 1),
(241, 54, 2, 'Gral. Viamonte', '', 0, 1),
(242, 54, 2, 'Gral. Villegas', '', 0, 1),
(243, 54, 2, 'Gil', '', 0, 1),
(244, 54, 2, 'Grand Bourg', '', 0, 1),
(245, 54, 2, 'Haedo', '', 0, 1),
(246, 54, 2, 'Hurlingham', '', 0, 1),
(247, 54, 2, 'Indio Rico', '', 0, 1),
(248, 54, 2, 'Inés Indart', '', 0, 1),
(249, 54, 2, 'Irala', '', 0, 1),
(250, 54, 2, 'Irineo Portela', '', 0, 1),
(251, 54, 2, 'José C. Paz', '', 0, 1),
(252, 54, 2, 'Juan A. de la Peña', '', 0, 1),
(253, 54, 2, 'Juan Bautista Alberdi', '', 0, 1),
(254, 54, 2, 'Juan E. Barra', '', 0, 1),
(255, 54, 2, 'Juan José Paso', '', 0, 1),
(256, 54, 2, 'Juan N. Fernández', '', 0, 1),
(257, 54, 2, 'Junín', '', 0, 1),
(258, 54, 2, 'La Emilia', '', 0, 1),
(259, 54, 2, 'Ingeniero Adolfo Sourdeaux', '', 0, 1),
(260, 54, 2, 'Ingeniero Pablo Nogués', '', 0, 1),
(261, 54, 2, 'Iparraguirre', '', 0, 1),
(262, 54, 2, 'Ituzaingó', '', 0, 1),
(263, 54, 2, 'José Ingenieros', '', 0, 1),
(264, 54, 2, 'José León Suárez', '', 0, 1),
(265, 54, 2, 'La Lucila', '', 0, 1),
(266, 54, 2, 'La Plata', '', 0, 1),
(267, 54, 2, 'La Porteña', '', 0, 1),
(268, 54, 2, 'La Reforma', '', 0, 1),
(269, 54, 2, 'La Trinidad', '', 0, 1),
(270, 54, 2, 'La Violeta', '', 0, 1),
(271, 54, 2, 'Labardén', '', 0, 1),
(272, 54, 2, 'Lanús', '', 0, 1),
(273, 54, 2, 'Laprida', '', 0, 1),
(274, 54, 2, 'Lartigau', '', 0, 1),
(275, 54, 2, 'Las Armas', '', 0, 1),
(276, 54, 2, 'Las Flores', '', 0, 1),
(277, 54, 2, 'Las Martinetas', '', 0, 1),
(278, 54, 2, 'Lanús Este', '', 0, 1),
(279, 54, 2, 'Lanús Oeste', '', 0, 1),
(280, 54, 2, 'Las Naciones', '', 0, 1),
(281, 54, 2, 'Las Toscas', '', 0, 1),
(282, 54, 2, 'Lazzarino', '', 0, 1),
(283, 54, 2, 'Leubucó', '', 0, 1),
(284, 54, 2, 'Lincoln', '', 0, 1),
(285, 54, 2, 'Lobería', '', 0, 1),
(286, 54, 2, 'Lobos', '', 0, 1),
(287, 54, 2, 'Loma Negra', '', 0, 1),
(288, 54, 2, 'Los Indios', '', 0, 1),
(289, 54, 2, 'Los Pinos', '', 0, 1),
(290, 54, 2, 'Luján', '', 0, 1),
(291, 54, 2, 'Luro', '', 0, 1),
(292, 54, 2, 'Macedo', '', 0, 1),
(293, 54, 2, 'Llavallol', '', 0, 1),
(294, 54, 2, 'Loma Hermosa', '', 0, 1),
(295, 54, 2, 'Lomas de Zamora', '', 0, 1),
(296, 54, 2, 'Los Polvorines', '', 0, 1),
(297, 54, 2, 'Magdalena', '', 0, 1),
(298, 54, 2, 'Maipú', '', 0, 1),
(299, 54, 2, 'Manantiales', '', 0, 1),
(300, 54, 2, 'Manuel Ocampo', '', 0, 1),
(301, 54, 2, 'Mar Chiquita', '', 0, 1),
(302, 54, 2, 'Mar de Ajó', '', 0, 1),
(303, 54, 2, 'Mar de las Pampas', '', 0, 1),
(304, 54, 2, 'Mar del Plata', '', 0, 1),
(305, 54, 2, 'Mar del Sur', '', 0, 1),
(306, 54, 2, 'Mar del Tuyú', '', 0, 1),
(307, 54, 2, 'María Ignacia', '', 0, 1),
(308, 54, 2, 'Mariano Benitez', '', 0, 1),
(309, 54, 2, 'Malaver', '', 0, 1),
(310, 54, 2, 'Malvinas Argentinas', '', 0, 1),
(311, 54, 2, 'Mariano H. Alfonzo', '', 0, 1),
(312, 54, 2, 'Martín Fierro', '', 0, 1),
(313, 54, 2, 'Marucha', '', 0, 1),
(314, 54, 2, 'Masurel', '', 0, 1),
(315, 54, 2, 'Maza', '', 0, 1),
(316, 54, 2, 'Mechongue', '', 0, 1),
(317, 54, 2, 'Médanos', '', 0, 1),
(318, 54, 2, 'Mercedes', '', 0, 1),
(319, 54, 2, 'Miramar', '', 0, 1),
(320, 54, 2, 'Miranda', '', 0, 1),
(321, 54, 2, 'Moctezuma', '', 0, 1),
(322, 54, 2, 'Monasterio', '', 0, 1),
(323, 54, 2, 'Martín Coronado', '', 0, 1),
(324, 54, 2, 'Martínez', '', 0, 1),
(325, 54, 2, 'Monsalvo', '', 0, 1),
(326, 54, 2, 'Monte Hermoso', '', 0, 1),
(327, 54, 2, 'Morea', '', 0, 1),
(328, 54, 2, 'Moreno', '', 0, 1),
(329, 54, 2, 'Morón', '', 0, 1),
(330, 54, 2, 'Muñoz', '', 0, 1),
(331, 54, 2, 'Napaleofú', '', 0, 1),
(332, 54, 2, 'Navarro', '', 0, 1),
(333, 54, 2, 'Necochea', '', 0, 1),
(334, 54, 2, 'Nicolás Descalzi', '', 0, 1),
(335, 54, 2, 'Nieves', '', 0, 1),
(336, 54, 2, 'Norberto De la Riestra', '', 0, 1),
(337, 54, 2, 'Monte Chingolo', '', 0, 1),
(338, 54, 2, 'Morón', '', 0, 1),
(339, 54, 2, 'Munro Olivos', '', 0, 1),
(340, 54, 2, 'Muñiz', '', 0, 1),
(341, 54, 2, 'Ochandío', '', 0, 1),
(342, 54, 2, 'Olascoaga', '', 0, 1),
(343, 54, 2, 'Olavarría', '', 0, 1),
(344, 54, 2, 'Olivera', '', 0, 1),
(345, 54, 2, 'Ombú', '', 0, 1),
(346, 54, 2, 'Orense', '', 0, 1),
(347, 54, 2, 'Otoño', '', 0, 1),
(348, 54, 2, 'Pardo', '', 0, 1),
(349, 54, 2, 'Parish', '', 0, 1),
(350, 54, 2, 'Paso Mayor', '', 0, 1),
(351, 54, 2, 'Pasteur', '', 0, 1),
(352, 54, 2, 'Pehuajó', '', 0, 1),
(353, 54, 2, 'Once de Septiembre', '', 0, 1),
(354, 54, 2, 'Pablo Podestá', '', 0, 1),
(355, 54, 2, 'Parque Leloir', '', 0, 1),
(356, 54, 2, 'Parque San Antonio', '', 0, 1),
(357, 54, 2, 'Pehuelches', '', 0, 1),
(358, 54, 2, 'Pehuen-Có', '', 0, 1),
(359, 54, 2, 'Pellegrini', '', 0, 1),
(360, 54, 2, 'Pérez Millán', '', 0, 1),
(361, 54, 2, 'Pergamino', '', 0, 1),
(362, 54, 2, 'Pichincha', '', 0, 1),
(363, 54, 2, 'Piedra Echada', '', 0, 1),
(364, 54, 2, 'Pigüé', '', 0, 1),
(365, 54, 2, 'Pilar', '', 0, 1),
(366, 54, 2, 'Pinamar', '', 0, 1),
(367, 54, 2, 'Pinzón', '', 0, 1),
(368, 54, 2, 'Piñeyro', '', 0, 1),
(369, 54, 2, 'Pipinas', '', 0, 1),
(370, 54, 2, 'Pirovano', '', 0, 1),
(371, 54, 2, 'Polvaredas', '', 0, 1),
(372, 54, 2, 'Pontaut', '', 0, 1),
(373, 54, 2, 'Puan', '', 0, 1),
(374, 54, 2, 'Punta Alta', '', 0, 1),
(375, 54, 2, 'Punta Indio', '', 0, 1),
(376, 54, 2, 'Quenumá', '', 0, 1),
(377, 54, 2, 'Quequén', '', 0, 1),
(378, 54, 2, 'Rafael Obligado', '', 0, 1),
(379, 54, 2, 'Ramallo', '', 0, 1),
(380, 54, 2, 'Rancagua', '', 0, 1),
(381, 54, 2, 'Ranchos', '', 0, 1),
(382, 54, 2, 'Rauch', '', 0, 1),
(383, 54, 2, 'Raulet', '', 0, 1),
(384, 54, 2, 'Recalde', '', 0, 1),
(385, 54, 2, 'Reta', '', 0, 1),
(386, 54, 2, 'Rivadavia', '', 0, 1),
(387, 54, 2, 'Rivera', '', 0, 1),
(388, 54, 2, 'Roberts', '', 0, 1),
(389, 54, 2, 'Rojas', '', 0, 1),
(390, 54, 2, 'Roque Pérez', '', 0, 1),
(391, 54, 2, 'Saavedra', '', 0, 1),
(392, 54, 2, 'Saladillo', '', 0, 1),
(393, 54, 2, 'Remedios de Escalada', '', 0, 1),
(394, 54, 2, 'Sáenz Peña', '', 0, 1),
(395, 54, 2, 'Salazar', '', 0, 1),
(396, 54, 2, 'Salliqueló', '', 0, 1),
(397, 54, 2, 'Salto', '', 0, 1),
(398, 54, 2, 'San Andrés de Giles', '', 0, 1),
(399, 54, 2, 'San Antonio de Areco', '', 0, 1),
(400, 54, 2, 'San Bernardo', '', 0, 1),
(401, 54, 2, 'San Carlos de Bolívar', '', 0, 1),
(402, 54, 2, 'San Cayetano', '', 0, 1),
(403, 54, 2, 'San Clemente del Tuyú', '', 0, 1),
(404, 54, 2, 'San Fernando', '', 0, 1),
(405, 54, 2, 'San Germán', '', 0, 1),
(406, 54, 2, 'San Jorge', '', 0, 1),
(407, 54, 2, 'San Alberto', '', 0, 1),
(408, 54, 2, 'San Andrés', '', 0, 1),
(409, 54, 2, 'San Francisco Solano', '', 0, 1),
(410, 54, 2, 'San Isidro', '', 0, 1),
(411, 54, 2, 'San José', '', 0, 1),
(412, 54, 2, 'San Justo', '', 0, 1),
(413, 54, 2, 'San Manuel', '', 0, 1),
(414, 54, 2, 'San Miguel', '', 0, 1),
(415, 54, 2, 'San Miguel del Monte', '', 0, 1),
(416, 54, 2, 'San Nicolás de los Arroyos', '', 0, 1),
(417, 54, 2, 'San Pedro', '', 0, 1),
(418, 54, 2, 'Santa Clara del Mar', '', 0, 1),
(419, 54, 2, 'Santa Teresita', '', 0, 1),
(420, 54, 2, 'Santo Domingo', '', 0, 1),
(421, 54, 2, 'Santos Unzué', '', 0, 1),
(422, 54, 2, 'Segurola', '', 0, 1),
(423, 54, 2, 'Santa María', '', 0, 1),
(424, 54, 2, 'Santos Lugares', '', 0, 1),
(425, 54, 2, 'Sarandí Villa Domínico', '', 0, 1),
(426, 54, 2, 'Shaw', '', 0, 1),
(427, 54, 2, 'Sierra de la Ventana', '', 0, 1),
(428, 54, 2, 'Sierra de los Padres', '', 0, 1),
(429, 54, 2, 'Sierras Bayas', '', 0, 1),
(430, 54, 2, 'Solanet', '', 0, 1),
(431, 54, 2, 'Suipacha', '', 0, 1),
(432, 54, 2, 'Tamangueyú', '', 0, 1),
(433, 54, 2, 'Tandil', '', 0, 1),
(434, 54, 2, 'Tapalqué', '', 0, 1),
(435, 54, 2, 'Tedín Uriburu', '', 0, 1),
(436, 54, 2, 'Teniente Origone', '', 0, 1),
(437, 54, 2, 'Tigre', '', 0, 1),
(438, 54, 2, 'Temperley', '', 0, 1),
(439, 54, 2, 'Tierras Altas', '', 0, 1),
(440, 54, 2, 'Todd', '', 0, 1),
(441, 54, 2, 'Tornquist', '', 0, 1),
(442, 54, 2, 'Treinta de Agosto', '', 0, 1),
(443, 54, 2, 'Trenque Lauquen', '', 0, 1),
(444, 54, 2, 'Tres Algarrobos', '', 0, 1),
(445, 54, 2, 'Tres Arroyos', '', 0, 1),
(446, 54, 2, 'Tres Lomas', '', 0, 1),
(447, 54, 2, 'Tres Picos', '', 0, 1),
(448, 54, 2, 'Urdampilleta', '', 0, 1),
(449, 54, 2, 'Valdes', '', 0, 1),
(450, 54, 2, 'Valeria del Mar', '', 0, 1),
(451, 54, 2, 'Vallimanca', '', 0, 1),
(452, 54, 2, 'Tortuguitas', '', 0, 1),
(453, 54, 2, 'Turdera', '', 0, 1),
(454, 54, 2, 'Valentín Alsina', '', 0, 1),
(455, 54, 2, 'Vazquez', '', 0, 1),
(456, 54, 2, 'Verónica', '', 0, 1),
(457, 54, 2, 'Víboras', '', 0, 1),
(458, 54, 2, 'Victorino de la Plaza', '', 0, 1),
(459, 54, 2, 'Vieytes', '', 0, 1),
(460, 54, 2, 'Vilela', '', 0, 1),
(461, 54, 2, 'Villa Cacique', '', 0, 1),
(462, 54, 2, 'Villa Gesell', '', 0, 1),
(463, 54, 2, 'Villa Maza', '', 0, 1),
(464, 54, 2, 'Villanueva', '', 0, 1),
(465, 54, 2, 'Viña', '', 0, 1),
(466, 54, 2, 'Yerbas', '', 0, 1),
(467, 54, 2, 'Vicente López Villa Martelli Florida', '', 0, 1),
(468, 54, 2, 'Villa Adelina', '', 0, 1),
(469, 54, 2, 'Villa Alberdi', '', 0, 1),
(470, 54, 2, 'Villa Ariza', '', 0, 1),
(471, 54, 2, 'Villa Ballester', '', 0, 1),
(472, 54, 2, 'Villa Bosch', '', 0, 1),
(473, 54, 2, 'Villa Centenario', '', 0, 1),
(474, 54, 2, 'Villa de Mayo', '', 0, 1),
(475, 54, 2, 'Villa Fiorito', '', 0, 1),
(476, 54, 2, 'Villa La Florida', '', 0, 1),
(477, 54, 2, 'Villa León', '', 0, 1),
(478, 54, 2, 'Villa Libertad', '', 0, 1),
(479, 54, 2, 'Villa Lynch', '', 0, 1),
(480, 54, 2, 'Villa Maipú', '', 0, 1),
(481, 54, 2, 'Villa Raffo', '', 0, 1),
(482, 54, 2, 'Villa Sarmiento Quilmes', '', 0, 1),
(483, 54, 2, 'Villa Tesei', '', 0, 1),
(484, 54, 2, 'Villa Udaondo', '', 0, 1),
(485, 54, 2, 'Wilde', '', 0, 1),
(486, 54, 2, 'William C. Morris', '', 0, 1),
(487, 54, 2, 'Zárate', '', 0, 1),
(489, 54, 24, 'Ancasti', '', 0, 1),
(490, 54, 24, 'Andalgalá', '', 0, 1),
(491, 54, 24, 'Catamarca', '', 0, 1),
(492, 54, 24, 'Recreo', '', 0, 1),
(493, 54, 24, 'San Martín', '', 0, 1),
(494, 54, 24, 'Tapso', '', 0, 1),
(495, 54, 24, 'Tinogasta', '', 0, 1),
(496, 54, 7, 'Charadai', '', 0, 1),
(497, 54, 7, 'Charata', '', 0, 1),
(498, 54, 7, 'Colonias Unidas', '', 0, 1),
(499, 54, 7, 'Concepción del Bermejo', '', 0, 1),
(500, 54, 7, 'Corzuela', '', 0, 1),
(501, 54, 7, 'Gancedo', '', 0, 1),
(502, 54, 7, 'Gral. Capdevila', '', 0, 1),
(503, 54, 7, 'Gral. José de San Martín', '', 0, 1),
(504, 54, 7, 'Gral. Pinedo', '', 0, 1),
(505, 54, 7, 'Juan José Castelli', '', 0, 1),
(506, 54, 7, 'La Leonesa', '', 0, 1),
(507, 54, 7, 'Las Breñas', '', 0, 1),
(508, 54, 7, 'Los Frentones', '', 0, 1),
(509, 54, 7, 'Machagai', '', 0, 1),
(510, 54, 7, 'Pampa del Infierno', '', 0, 1),
(511, 54, 7, 'Pres. de la Plaza', '', 0, 1),
(512, 54, 7, 'Pres. R. Saenz Peña', '', 0, 1),
(513, 54, 7, 'Quitilipi', '', 0, 1),
(514, 54, 7, 'Resistencia', '', 0, 1),
(515, 54, 7, 'Río Muerto', '', 0, 1),
(516, 54, 7, 'Taco Pozo', '', 0, 1),
(517, 54, 7, 'Tres Estacas', '', 0, 1),
(518, 54, 7, 'Villa Angela', '', 0, 1),
(519, 54, 7, 'Villa Berthet', '', 0, 1),
(520, 54, 21, 'Camarones', '', 0, 1),
(521, 54, 21, 'Comodoro Rivadavia', '', 0, 1),
(522, 54, 21, 'Esquel', '', 0, 1),
(523, 54, 21, 'La Hoya', '', 0, 1),
(524, 54, 21, 'Lago Puelo', '', 0, 1),
(525, 54, 21, 'Paso de Indios', '', 0, 1),
(526, 54, 21, 'Puerto Madryn', '', 0, 1),
(527, 54, 21, 'Puerto Pirámides', '', 0, 1),
(528, 54, 21, 'Rawson', '', 0, 1),
(529, 54, 21, 'Río Mayo', '', 0, 1),
(530, 54, 21, 'Sarmiento', '', 0, 1),
(531, 54, 21, 'Trelew', '', 0, 1),
(532, 54, 21, 'Trevelin', '', 0, 1),
(533, 54, 9, 'Achiras', '', 0, 1),
(534, 54, 9, 'Adelia María', '', 0, 1),
(535, 54, 9, 'Agua de Oro', '', 0, 1),
(536, 54, 9, 'Alcira', '', 0, 1),
(537, 54, 9, 'Alejandro Roca', '', 0, 1),
(538, 54, 9, 'Alicia', '', 0, 1),
(539, 54, 9, 'Almafuerte', '', 0, 1),
(540, 54, 9, 'Alpa Corral', '', 0, 1),
(541, 54, 9, 'Alta Gracia', '', 0, 1),
(542, 54, 9, 'Altos de Chipión', '', 0, 1),
(543, 54, 9, 'Amboy', '', 0, 1),
(544, 54, 9, 'Ambul', '', 0, 1),
(545, 54, 9, 'Ana Zumaran', '', 0, 1),
(546, 54, 9, 'Anisacate', '', 0, 1),
(547, 54, 9, 'Arias', '', 0, 1),
(548, 54, 9, 'Arroyito', '', 0, 1),
(549, 54, 9, 'Arroyo Algodón', '', 0, 1),
(550, 54, 9, 'Arroyo Cabral', '', 0, 1),
(551, 54, 9, 'Arroyo de los Patos', '', 0, 1),
(552, 54, 9, 'Ascochinga', '', 0, 1),
(553, 54, 9, 'Athos Pampa', '', 0, 1),
(554, 54, 9, 'Ausonia', '', 0, 1),
(555, 54, 9, 'Ballesteros', '', 0, 1),
(556, 54, 9, 'Balnearia', '', 0, 1),
(557, 54, 9, 'Bell Ville', '', 0, 1),
(558, 54, 9, 'Bengolea', '', 0, 1),
(559, 54, 9, 'Berrotarán', '', 0, 1),
(560, 54, 9, 'Bialet Massé', '', 0, 1),
(561, 54, 9, 'Brinkmann', '', 0, 1),
(562, 54, 9, 'Buchardo', '', 0, 1),
(563, 54, 9, 'Bulnes', '', 0, 1),
(564, 54, 9, 'Calchín', '', 0, 1),
(565, 54, 9, 'Canals', '', 0, 1),
(566, 54, 9, 'Cañada de Luque', '', 0, 1),
(567, 54, 9, 'Cañada de Río Pinto', '', 0, 1),
(568, 54, 9, 'Capilla del Monte', '', 0, 1),
(569, 54, 9, 'Carnerillo', '', 0, 1),
(570, 54, 9, 'Cerro Colorado', '', 0, 1),
(571, 54, 9, 'Chaján', '', 0, 1),
(572, 54, 9, 'Characato', '', 0, 1),
(573, 54, 9, 'Charbonier', '', 0, 1),
(574, 54, 9, 'Charras', '', 0, 1),
(575, 54, 9, 'Chazón', '', 0, 1),
(576, 54, 9, 'Chilibroste', '', 0, 1),
(577, 54, 9, 'Chucul', '', 0, 1),
(578, 54, 9, 'Colonia Caroya', '', 0, 1),
(579, 54, 9, 'Colonia Las Pichanas', '', 0, 1),
(580, 54, 9, 'Colonia Marina', '', 0, 1),
(581, 54, 9, 'Colonia Prosperidad', '', 0, 1),
(582, 54, 9, 'Colonia San Bartolomé', '', 0, 1),
(583, 54, 9, 'Colonia Tirolesa', '', 0, 1),
(584, 54, 9, 'Colonia Valtelina', '', 0, 1),
(585, 54, 9, 'Córdoba', '', 0, 1),
(586, 54, 9, 'Córdoba (aeropuerto)', '', 0, 1),
(587, 54, 9, 'Coronel Baigorria', '', 0, 1),
(588, 54, 9, 'Coronel Moldes', '', 0, 1),
(589, 54, 9, 'Corral de Bustos', '', 0, 1),
(590, 54, 9, 'Cosquín', '', 0, 1),
(591, 54, 9, 'Costa Sacate', '', 0, 1),
(592, 54, 9, 'Cruz Alta', '', 0, 1),
(593, 54, 9, 'Cruz del Eje', '', 0, 1),
(594, 54, 9, 'Cuesta Blanca', '', 0, 1),
(595, 54, 9, 'Deán Funes', '', 0, 1),
(596, 54, 9, 'Del Campillo', '', 0, 1),
(597, 54, 9, 'Devoto', '', 0, 1),
(598, 54, 9, 'El Arañado', '', 0, 1),
(599, 54, 9, 'El Durazno', '', 0, 1),
(600, 54, 9, 'El Fortín', '', 0, 1),
(601, 54, 9, 'El Tío', '', 0, 1),
(602, 54, 9, 'Elena', '', 0, 1),
(603, 54, 9, 'Embalse', '', 0, 1),
(604, 54, 9, 'Esc. Aviacion', '', 0, 1),
(605, 54, 9, 'Estancia Vieja', '', 0, 1),
(606, 54, 9, 'Etruria', '', 0, 1),
(607, 54, 9, 'Freyre', '', 0, 1),
(608, 54, 9, 'Gral. Cabrera', '', 0, 1),
(609, 54, 9, 'Gral. Deheza', '', 0, 1),
(610, 54, 9, 'Gral. Levalle', '', 0, 1),
(611, 54, 9, 'Gral. Paz', '', 0, 1),
(612, 54, 9, 'Hernando', '', 0, 1),
(613, 54, 9, 'Holmberg', '', 0, 1),
(614, 54, 9, 'Huanchilla', '', 0, 1),
(615, 54, 9, 'Huerta Grande', '', 0, 1),
(616, 54, 9, 'Huinca Renancó', '', 0, 1),
(617, 54, 9, 'Idiazabal', '', 0, 1),
(618, 54, 9, 'Inriville', '', 0, 1),
(619, 54, 9, 'Intiyaco', '', 0, 1),
(620, 54, 9, 'Ischilín', '', 0, 1),
(621, 54, 9, 'Isla Verde', '', 0, 1),
(622, 54, 9, 'Italó', '', 0, 1),
(623, 54, 9, 'Jesús María', '', 0, 1),
(624, 54, 9, 'Jovita', '', 0, 1),
(625, 54, 9, 'Justiniano Posse', '', 0, 1),
(626, 54, 9, 'La Calera', '', 0, 1),
(627, 54, 9, 'La Carlota', '', 0, 1),
(628, 54, 9, 'La Cautiva', '', 0, 1),
(629, 54, 9, 'La Cesira', '', 0, 1),
(630, 54, 9, 'La Cruz', '', 0, 1),
(631, 54, 9, 'La Cumbre', '', 0, 1),
(632, 54, 9, 'La Falda', '', 0, 1),
(633, 54, 9, 'La Francia', '', 0, 1),
(634, 54, 9, 'La Gilda', '', 0, 1),
(635, 54, 9, 'La Granja', '', 0, 1),
(636, 54, 9, 'La Laguna', '', 0, 1),
(637, 54, 9, 'La Paisanita', '', 0, 1),
(638, 54, 9, 'La Palestina', '', 0, 1),
(639, 54, 9, 'La Paquita', '', 0, 1),
(640, 54, 9, 'La Para', '', 0, 1),
(641, 54, 9, 'La Playosa', '', 0, 1),
(642, 54, 9, 'La Población', '', 0, 1),
(643, 54, 9, 'La Puerta', '', 0, 1),
(644, 54, 9, 'La Serranita', '', 0, 1),
(645, 54, 9, 'La Tordilla', '', 0, 1),
(646, 54, 9, 'Laborde', '', 0, 1),
(647, 54, 9, 'Laboulaye', '', 0, 1),
(648, 54, 9, 'Laguna Larga', '', 0, 1),
(649, 54, 9, 'Las Acequias', '', 0, 1),
(650, 54, 9, 'Las Albahacas', '', 0, 1),
(651, 54, 9, 'Las Higueras', '', 0, 1),
(652, 54, 9, 'Las Peñas', '', 0, 1),
(653, 54, 9, 'Las Peñas Sud', '', 0, 1),
(654, 54, 9, 'Las Perdices', '', 0, 1),
(655, 54, 9, 'Las Rabonas', '', 0, 1),
(656, 54, 9, 'Las Tapias', '', 0, 1),
(657, 54, 9, 'Las Varas', '', 0, 1),
(658, 54, 9, 'Las Varillas', '', 0, 1),
(659, 54, 9, 'Las Vertientes', '', 0, 1),
(660, 54, 9, 'Leguizamón', '', 0, 1),
(661, 54, 9, 'Leones', '', 0, 1),
(662, 54, 9, 'Los Cerrillos', '', 0, 1),
(663, 54, 9, 'Los Cocos', '', 0, 1),
(664, 54, 9, 'Los Hornillos', '', 0, 1),
(665, 54, 9, 'Los Reartes', '', 0, 1),
(666, 54, 9, 'Los Surgentes', '', 0, 1),
(667, 54, 9, 'Los Zorros', '', 0, 1),
(668, 54, 9, 'Loza Corral', '', 0, 1),
(669, 54, 9, 'Malena', '', 0, 1),
(670, 54, 9, 'Marcos Juárez', '', 0, 1),
(671, 54, 9, 'Marull', '', 0, 1),
(672, 54, 9, 'Mattaldi', '', 0, 1),
(673, 54, 9, 'Mayu Sumaj', '', 0, 1),
(674, 54, 9, 'Melo', '', 0, 1),
(675, 54, 9, 'Mendiolaza', '', 0, 1),
(676, 54, 9, 'Mina Clavero', '', 0, 1),
(677, 54, 9, 'Miramar', '', 0, 1),
(678, 54, 9, 'Monte Buey', '', 0, 1),
(679, 54, 9, 'Monte Cristo', '', 0, 1),
(680, 54, 9, 'Monte de los Gauchos', '', 0, 1),
(681, 54, 9, 'Monte Maíz', '', 0, 1),
(682, 54, 9, 'Morteros', '', 0, 1),
(683, 54, 9, 'Noetinger', '', 0, 1),
(684, 54, 9, 'Nono', '', 0, 1),
(685, 54, 9, 'Obispo Trejo', '', 0, 1),
(686, 54, 9, 'Olaeta', '', 0, 1),
(687, 54, 9, 'Oliva', '', 0, 1),
(688, 54, 9, 'Oncativo', '', 0, 1),
(689, 54, 9, 'Ongamira', '', 0, 1),
(690, 54, 9, 'Ordoñez', '', 0, 1),
(691, 54, 9, 'Pampa de Achala - El Cóndor', '', 0, 1),
(692, 54, 9, 'Pascanas', '', 0, 1),
(693, 54, 9, 'Pilar', '', 0, 1),
(694, 54, 9, 'Pincén', '', 0, 1),
(695, 54, 9, 'Porteña', '', 0, 1),
(696, 54, 9, 'Potrero de Garay', '', 0, 1),
(697, 54, 9, 'Pozo del Molle', '', 0, 1),
(698, 54, 9, 'Pueblo Italiano', '', 0, 1),
(699, 54, 9, 'Quebracho Herrado', '', 0, 1),
(700, 54, 9, 'Quilino', '', 0, 1),
(701, 54, 9, 'Reducción', '', 0, 1),
(702, 54, 9, 'Río Bamba', '', 0, 1),
(703, 54, 9, 'Río Ceballos', '', 0, 1),
(704, 54, 9, 'Río Cuarto', '', 0, 1),
(705, 54, 9, 'Río de los Sauces', '', 0, 1),
(706, 54, 9, 'Río Primero', '', 0, 1),
(707, 54, 9, 'Río Tercero', '', 0, 1),
(708, 54, 9, 'Rodeo Viejo', '', 0, 1),
(709, 54, 9, 'Rosales', '', 0, 1),
(710, 54, 9, 'Sacanta', '', 0, 1),
(711, 54, 9, 'Saira', '', 0, 1),
(712, 54, 9, 'Saldán', '', 0, 1),
(713, 54, 9, 'Salsacate', '', 0, 1),
(714, 54, 9, 'Salsipuedes', '', 0, 1),
(715, 54, 9, 'Sampacho', '', 0, 1),
(716, 54, 9, 'San Antonio de Arredondo', '', 0, 1),
(717, 54, 9, 'San Antonio de Litín', '', 0, 1),
(718, 54, 9, 'San Basilio', '', 0, 1),
(719, 54, 9, 'San Clemente', '', 0, 1),
(720, 54, 9, 'San Esteban', '', 0, 1),
(721, 54, 9, 'San Francisco', '', 0, 1),
(722, 54, 9, 'San Joaquin', '', 0, 1),
(723, 54, 9, 'San José de la Dormida', '', 0, 1),
(724, 54, 9, 'San Lorenzo', '', 0, 1),
(725, 54, 9, 'San Marcos Sierras', '', 0, 1),
(726, 54, 9, 'San Miguel de los Ríos', '', 0, 1),
(727, 54, 9, 'San Roque', '', 0, 1),
(728, 54, 9, 'San Vicente', '', 0, 1),
(729, 54, 9, 'Santa Eufemia', '', 0, 1),
(730, 54, 9, 'Santa María de Punilla', '', 0, 1),
(731, 54, 9, 'Santa Mónica', '', 0, 1),
(732, 54, 9, 'Santa Rosa de Calamuchita', '', 0, 1),
(733, 54, 9, 'Santa Rosa de Río Primero', '', 0, 1),
(734, 54, 9, 'Santiago Temple', '', 0, 1),
(735, 54, 9, 'Saturnino M. Laspiur', '', 0, 1),
(736, 54, 9, 'Seeber', '', 0, 1),
(737, 54, 9, 'Serrano', '', 0, 1),
(738, 54, 9, 'Silvio Pellico', '', 0, 1),
(739, 54, 9, 'Simbolar', '', 0, 1),
(740, 54, 9, 'Sinsacate', '', 0, 1),
(741, 54, 9, 'Suco', '', 0, 1),
(742, 54, 9, 'Tala Huasi', '', 0, 1),
(743, 54, 9, 'Tanti', '', 0, 1),
(744, 54, 9, 'Ticino', '', 0, 1),
(745, 54, 9, 'Tío Pujio', '', 0, 1),
(746, 54, 9, 'Toro Pujio', '', 0, 1),
(747, 54, 9, 'Tosquita', '', 0, 1),
(748, 54, 9, 'Totoral', '', 0, 1),
(749, 54, 9, 'Ucacha', '', 0, 1),
(750, 54, 9, 'Unquillo', '', 0, 1),
(751, 54, 9, 'Valle Hermoso', '', 0, 1),
(752, 54, 9, 'Vicuña Mackenna', '', 0, 1),
(753, 54, 9, 'Villa Allende', '', 0, 1),
(754, 54, 9, 'Villa Alpina', '', 0, 1),
(755, 54, 9, 'Villa Animí', '', 0, 1),
(756, 54, 9, 'Villa Berna', '', 0, 1),
(757, 54, 9, 'Villa Carlos Paz', '', 0, 1),
(758, 54, 9, 'Villa Ciudad de América', '', 0, 1),
(759, 54, 9, 'Villa Concepción del Tío', '', 0, 1),
(760, 54, 9, 'Villa Cura Brochero', '', 0, 1),
(761, 54, 9, 'Villa de las Rosas', '', 0, 1),
(762, 54, 9, 'Villa de María del Río Seco', '', 0, 1),
(763, 54, 9, 'Villa de Soto', '', 0, 1),
(764, 54, 9, 'Villa del Dique', '', 0, 1),
(765, 54, 9, 'Villa del Rosario', '', 0, 1),
(766, 54, 9, 'Villa del Totoral', '', 0, 1),
(767, 54, 9, 'Villa Dolores', '', 0, 1),
(768, 54, 9, 'Villa Flor Serrana', '', 0, 1),
(769, 54, 9, 'Villa Gral. Belgrano', '', 0, 1),
(770, 54, 9, 'Villa Giardino', '', 0, 1),
(771, 54, 9, 'Villa Huidobro', '', 0, 1),
(772, 54, 9, 'Villa Icho Cruz', '', 0, 1),
(773, 54, 9, 'Villa La Bolsa', '', 0, 1),
(774, 54, 9, 'Villa Los Aromos', '', 0, 1),
(775, 54, 9, 'Villa María', '', 0, 1),
(776, 54, 9, 'Villa Nueva', '', 0, 1),
(777, 54, 9, 'Villa Rossi', '', 0, 1),
(778, 54, 9, 'Villa Rumipal', '', 0, 1),
(779, 54, 9, 'Villa Santa Cruz del Lago', '', 0, 1),
(780, 54, 9, 'Villa Tulumba', '', 0, 1),
(781, 54, 9, 'Villa Yacanto de Calamuchita', '', 0, 1),
(782, 54, 9, 'Washington', '', 0, 1),
(783, 54, 9, 'Wenceslao Escalante', '', 0, 1),
(784, 54, 9, 'Yacanto - San Javier', '', 0, 1),
(785, 54, 5, 'Alvear', '', 0, 1),
(786, 54, 5, 'Bella Vista', '', 0, 1),
(787, 54, 5, 'Corrientes', '', 0, 1),
(788, 54, 5, 'Curuzú Cuatiá', '', 0, 1),
(789, 54, 5, 'Empedrado', '', 0, 1),
(790, 54, 5, 'Esquina', '', 0, 1),
(791, 54, 5, 'Gob. Virasoro', '', 0, 1),
(792, 54, 5, 'Goya', '', 0, 1),
(793, 54, 5, 'Ituzaingó', '', 0, 1),
(794, 54, 5, 'Mburucuyá', '', 0, 1),
(795, 54, 5, 'Mercedes', '', 0, 1),
(796, 54, 5, 'Monte Caseros', '', 0, 1),
(797, 54, 5, 'Paso de la Patria', '', 0, 1),
(798, 54, 5, 'Paso de los Libres', '', 0, 1),
(799, 54, 5, 'Saladas', '', 0, 1),
(800, 54, 5, 'San Carlos', '', 0, 1),
(801, 54, 5, 'Santo Tomé', '', 0, 1),
(802, 54, 4, 'Chajarí', '', 0, 1),
(803, 54, 4, 'Colón', '', 0, 1),
(804, 54, 4, 'Concepción del Uruguay', '', 0, 1),
(805, 54, 4, 'Concordia', '', 0, 1),
(806, 54, 4, 'Diamante', '', 0, 1),
(807, 54, 4, 'Federación', '', 0, 1),
(808, 54, 4, 'Federal', '', 0, 1),
(809, 54, 4, 'Gualeguay', '', 0, 1),
(810, 54, 4, 'Gualeguaychú', '', 0, 1),
(811, 54, 4, 'Hernandarias', '', 0, 1),
(812, 54, 4, 'La Paz', '', 0, 1),
(813, 54, 4, 'Los Charrúas', '', 0, 1),
(814, 54, 4, 'Nogoyá', '', 0, 1),
(815, 54, 4, 'Paraná', '', 0, 1),
(816, 54, 4, 'Rosario del Tala', '', 0, 1),
(817, 54, 4, 'San José de Feliciano', '', 0, 1),
(818, 54, 4, 'San Salvador', '', 0, 1),
(819, 54, 4, 'Santa Elena', '', 0, 1),
(820, 54, 4, 'Urdinarrain', '', 0, 1),
(821, 54, 4, 'Victoria', '', 0, 1),
(822, 54, 4, 'Villa Elisa', '', 0, 1),
(823, 54, 4, 'Villaguay', '', 0, 1),
(824, 54, 8, 'Clorinda', '', 0, 1),
(825, 54, 8, 'Cmdte. Fontana', '', 0, 1),
(826, 54, 8, 'El Colorado', '', 0, 1),
(827, 54, 8, 'Formosa', '', 0, 1),
(828, 54, 8, 'Ibarreta', '', 0, 1),
(829, 54, 8, 'Ingeniero Juárez', '', 0, 1),
(830, 54, 8, 'Laguna Blanca', '', 0, 1),
(831, 54, 8, 'Las Lomitas', '', 0, 1),
(832, 54, 8, 'Pirané', '', 0, 1),
(833, 54, 11, 'Humahuaca', '', 0, 1),
(834, 54, 11, 'La Quiaca', '', 0, 1),
(835, 54, 11, 'Lib. Gral. San Martín', '', 0, 1),
(836, 54, 11, 'Palpalá', '', 0, 1),
(837, 54, 11, 'Perico', '', 0, 1),
(838, 54, 11, 'Purmamarca', '', 0, 1),
(839, 54, 11, 'San Pedro', '', 0, 1),
(840, 54, 11, 'San Salvador de Jujuy', '', 0, 1),
(841, 54, 11, 'Tilcara', '', 0, 1),
(842, 54, 18, '25 de Mayo', '', 0, 1),
(843, 54, 18, 'Arata', '', 0, 1),
(844, 54, 18, 'Bernasconi', '', 0, 1),
(845, 54, 18, 'Caleufú', '', 0, 1),
(846, 54, 18, 'Catriló', '', 0, 1),
(847, 54, 18, 'Colonia Barón', '', 0, 1),
(848, 54, 18, 'Coronel Hilario Lagos', '', 0, 1),
(849, 54, 18, 'Doblas', '', 0, 1),
(850, 54, 18, 'Eduardo Castex', '', 0, 1),
(851, 54, 18, 'Embajador Martini', '', 0, 1),
(852, 54, 18, 'Gral. Acha', '', 0, 1),
(853, 54, 18, 'Gral. Pico', '', 0, 1),
(854, 54, 18, 'Gral. San Martín', '', 0, 1),
(855, 54, 18, 'Guatraché', '', 0, 1),
(856, 54, 18, 'Ingeniero Luiggi', '', 0, 1),
(857, 54, 18, 'Intendente Alvear', '', 0, 1),
(858, 54, 18, 'Jacinto Arauz', '', 0, 1),
(859, 54, 18, 'Macachín', '', 0, 1),
(860, 54, 18, 'Miguel Riglos', '', 0, 1),
(861, 54, 18, 'Quemú Quemú', '', 0, 1),
(862, 54, 18, 'Realicó', '', 0, 1),
(863, 54, 18, 'Santa Rosa', '', 0, 1),
(864, 54, 18, 'Telén', '', 0, 1),
(865, 54, 18, 'Trenel', '', 0, 1),
(866, 54, 18, 'Uriburu', '', 0, 1),
(867, 54, 18, 'Villa Mirasol', '', 0, 1),
(868, 54, 13, 'Aimogasta', '', 0, 1),
(869, 54, 13, 'Chamical', '', 0, 1),
(870, 54, 13, 'Chepes', '', 0, 1),
(871, 54, 13, 'Chilecito', '', 0, 1),
(872, 54, 13, 'El Barreal', '', 0, 1),
(873, 54, 13, 'La Rioja', '', 0, 1),
(874, 54, 13, 'Ulapes', '', 0, 1),
(875, 54, 16, 'Gral. Alvear', '', 0, 1),
(876, 54, 16, 'Godoy Cruz', '', 0, 1),
(877, 54, 16, 'La Paz', '', 0, 1),
(878, 54, 16, 'Las Leñas', '', 0, 1),
(879, 54, 16, 'Los Penitentes', '', 0, 1),
(880, 54, 16, 'Lunlunta', '', 0, 1),
(881, 54, 16, 'Malargüe', '', 0, 1),
(882, 54, 16, 'Mendoza', '', 0, 1),
(883, 54, 16, 'Puente del Inca', '', 0, 1),
(884, 54, 16, 'San Carlos', '', 0, 1),
(885, 54, 16, 'San Martín', '', 0, 1),
(886, 54, 16, 'San Rafael', '', 0, 1),
(887, 54, 16, 'Tunuyán', '', 0, 1),
(888, 54, 16, 'Uspallata', '', 0, 1),
(889, 54, 6, 'Apóstoles', '', 0, 1),
(890, 54, 6, 'Aristóbulo del Valle', '', 0, 1),
(891, 54, 6, 'Bernardo de Irigoyen', '', 0, 1),
(892, 54, 6, 'Eldorado', '', 0, 1),
(893, 54, 6, 'Jardín América', '', 0, 1),
(894, 54, 6, 'Leandro N. Alem', '', 0, 1),
(895, 54, 6, 'Oberá', '', 0, 1),
(896, 54, 6, 'Posadas', '', 0, 1),
(897, 54, 6, 'Puerto Iguazú', '', 0, 1),
(898, 54, 6, 'San Javier', '', 0, 1),
(899, 54, 6, 'San Pedro', '', 0, 1),
(900, 54, 6, 'Aluminé', '', 0, 1),
(901, 54, 6, 'Batea Mahuida', '', 0, 1),
(902, 54, 6, 'Caviahue', '', 0, 1),
(903, 54, 6, 'Cerro Bayo', '', 0, 1),
(904, 54, 6, 'Chapelco', '', 0, 1),
(905, 54, 6, 'Chos Malal', '', 0, 1),
(906, 54, 6, 'Copahue', '', 0, 1),
(907, 54, 6, 'Cutral Có', '', 0, 1),
(908, 54, 6, 'Junín de los Andes', '', 0, 1),
(909, 54, 6, 'Neuquén', '', 0, 1),
(910, 54, 6, 'Piedra del Águila', '', 0, 1),
(911, 54, 6, 'Plaza Huincul', '', 0, 1),
(912, 54, 6, 'Rincón de los Sauces', '', 0, 1),
(913, 54, 6, 'San Martín de los Andes', '', 0, 1),
(914, 54, 6, 'Villa El Chocón', '', 0, 1),
(915, 54, 6, 'Villa La Angostura', '', 0, 1),
(916, 54, 6, 'Villa Pehuenia', '', 0, 1),
(917, 54, 6, 'Villa Traful', '', 0, 1),
(918, 54, 6, 'Zapala', '', 0, 1),
(919, 54, 20, 'Catriel', '', 0, 1),
(920, 54, 20, 'Cerro Catedral', '', 0, 1),
(921, 54, 20, 'Choele Choel', '', 0, 1),
(922, 54, 20, 'Cinco Saltos', '', 0, 1),
(923, 54, 20, 'Cipolletti', '', 0, 1),
(924, 54, 20, 'El Bolsón', '', 0, 1),
(925, 54, 20, 'Gral. Conesa', '', 0, 1),
(926, 54, 20, 'Gral. Roca', '', 0, 1),
(927, 54, 20, 'Las Grutas', '', 0, 1),
(928, 54, 20, 'Maquinchao', '', 0, 1),
(929, 54, 20, 'Río Colorado', '', 0, 1),
(930, 54, 20, 'San Antonio Oeste', '', 0, 1),
(931, 54, 20, 'San Carlos de Bariloche', '', 0, 1),
(932, 54, 20, 'Valcheta', '', 0, 1),
(933, 54, 20, 'Viedma', '', 0, 1),
(934, 54, 20, 'Villa Regina', '', 0, 1),
(935, 54, 12, 'Cachi', '', 0, 1),
(936, 54, 12, 'Cafayate', '', 0, 1),
(937, 54, 12, 'Embarcación', '', 0, 1),
(938, 54, 12, 'Iruya', '', 0, 1),
(939, 54, 12, 'Metán', '', 0, 1),
(940, 54, 12, 'Orán', '', 0, 1),
(941, 54, 12, 'Rivadavia', '', 0, 1),
(942, 54, 12, 'Rosario de la Frontera', '', 0, 1),
(943, 54, 12, 'Salta', '', 0, 1),
(944, 54, 12, 'Tartagal', '', 0, 1),
(945, 54, 14, 'Alto de Sierra', '', 0, 1),
(946, 54, 14, 'Barreal', '', 0, 1),
(947, 54, 14, 'Caucete', '', 0, 1),
(948, 54, 14, 'Encón', '', 0, 1),
(949, 54, 14, 'Jachal', '', 0, 1),
(950, 54, 14, 'San Agustín de Valle Fértil', '', 0, 1),
(951, 54, 14, 'San Juan', '', 0, 1),
(952, 54, 17, 'Candelaria', '', 0, 1),
(953, 54, 17, 'Justo Daract', '', 0, 1),
(954, 54, 17, 'Merlo', '', 0, 1),
(955, 54, 17, 'Naschel', '', 0, 1),
(956, 54, 17, 'Quines', '', 0, 1),
(957, 54, 17, 'San Francisco del Monte de Oro', '', 0, 1),
(958, 54, 17, 'San Luis', '', 0, 1),
(959, 54, 17, 'Santa Rosa del Conlara', '', 0, 1),
(960, 54, 17, 'Tilisarao', '', 0, 1),
(961, 54, 17, 'Unión', '', 0, 1),
(962, 54, 17, 'Villa Mercedes', '', 0, 1),
(963, 54, 17, 'Villa Reynolds', '', 0, 1),
(964, 54, 22, 'Cabo Vírgenes', '', 0, 1),
(965, 54, 22, 'Caleta Olivia', '', 0, 1),
(966, 54, 22, 'Cmdte. Luis Piedrabuena', '', 0, 1),
(967, 54, 22, 'El Calafate', '', 0, 1),
(968, 54, 22, 'El Chaltén', '', 0, 1),
(969, 54, 22, 'Esperanza', '', 0, 1),
(970, 54, 22, 'Gob. Gregores', '', 0, 1),
(971, 54, 22, 'Lago Argentino', '', 0, 1),
(972, 54, 22, 'Los Antiguos', '', 0, 1),
(973, 54, 22, 'Perito Moreno', '', 0, 1),
(974, 54, 22, 'Pico Truncado', '', 0, 1),
(975, 54, 22, 'Puerto Deseado', '', 0, 1),
(976, 54, 22, 'Puerto San Julián', '', 0, 1),
(977, 54, 22, 'Puerto Santa Cruz', '', 0, 1),
(978, 54, 22, 'Río Gallegos', '', 0, 1),
(979, 54, 22, 'Río Turbio', '', 0, 1),
(980, 54, 22, 'Tres Lagos', '', 0, 1),
(981, 54, 3, 'Acebal', '', 0, 1),
(982, 54, 3, 'Aceitera', '', 0, 1),
(983, 54, 3, 'Albarellos', '', 0, 1),
(984, 54, 3, 'Alcorta', '', 0, 1),
(985, 54, 3, 'Aldao', '', 0, 1),
(986, 54, 3, 'Angélica', '', 0, 1),
(987, 54, 3, 'Armstrong', '', 0, 1),
(988, 54, 3, 'Arroyo Seco', '', 0, 1),
(989, 54, 3, 'Arrufó', '', 0, 1),
(990, 54, 3, 'Arteaga', '', 0, 1),
(991, 54, 3, 'Bigand', '', 0, 1),
(992, 54, 3, 'Bombal', '', 0, 1),
(993, 54, 3, 'Calchaquí', '', 0, 1),
(994, 54, 3, 'Cañada de Gómez', '', 0, 1),
(995, 54, 3, 'Cañada Rica', '', 0, 1),
(996, 54, 3, 'Cañada Rosquín', '', 0, 1),
(997, 54, 3, 'Carcarañá', '', 0, 1),
(998, 54, 3, 'Carmen del Sauce', '', 0, 1),
(999, 54, 3, 'Carreras', '', 0, 1),
(1000, 54, 3, 'Carrizales', '', 0, 1),
(1001, 54, 3, 'Casas', '', 0, 1),
(1002, 54, 3, 'Casilda', '', 0, 1),
(1003, 54, 3, 'Centeno', '', 0, 1),
(1004, 54, 3, 'Cepeda', '', 0, 1),
(1005, 54, 3, 'Ceres', '', 0, 1),
(1006, 54, 3, 'Chañar Ladeado', '', 0, 1),
(1007, 54, 3, 'Chovet', '', 0, 1),
(1008, 54, 3, 'Colonia Belgrano', '', 0, 1),
(1009, 54, 3, 'Colonia Bicha', '', 0, 1),
(1010, 54, 3, 'Colonia Lago di Como', '', 0, 1),
(1011, 54, 3, 'Colonia Médici', '', 0, 1),
(1012, 54, 3, 'Coronda', '', 0, 1),
(1013, 54, 3, 'Coronel Bogado', '', 0, 1),
(1014, 54, 3, 'El Trébol', '', 0, 1),
(1015, 54, 3, 'Empalme Villa Constitución', '', 0, 1),
(1016, 54, 3, 'Esperanza', '', 0, 1),
(1017, 54, 3, 'Fighiera', '', 0, 1),
(1018, 54, 3, 'Firmat', '', 0, 1),
(1019, 54, 3, 'Fuentes', '', 0, 1),
(1020, 54, 3, 'Gálvez', '', 0, 1),
(1021, 54, 3, 'Gral. Gelly', '', 0, 1),
(1022, 54, 3, 'Gob. Crespo', '', 0, 1),
(1023, 54, 3, 'Gödeken', '', 0, 1),
(1024, 54, 3, 'Godoy', '', 0, 1),
(1025, 54, 3, 'Humboldt', '', 0, 1),
(1026, 54, 3, 'Juan B. Molina', '', 0, 1),
(1027, 54, 3, 'Las Parejas', '', 0, 1),
(1028, 54, 3, 'Las Rosas', '', 0, 1),
(1029, 54, 3, 'Las Toscas', '', 0, 1),
(1030, 54, 3, 'Los Cardos', '', 0, 1),
(1031, 54, 3, 'Los Nogales', '', 0, 1),
(1032, 54, 3, 'Lucio V. López', '', 0, 1),
(1033, 54, 3, 'Maciel', '', 0, 1),
(1034, 54, 3, 'Maggiolo', '', 0, 1),
(1035, 54, 3, 'Maizales', '', 0, 1),
(1036, 54, 3, 'María Juana', '', 0, 1),
(1037, 54, 3, 'Máximo Paz', '', 0, 1),
(1038, 54, 3, 'Melincue', '', 0, 1),
(1039, 54, 3, 'Montes de Oca', '', 0, 1),
(1040, 54, 3, 'Pavón', '', 0, 1),
(1041, 54, 3, 'Pérez', '', 0, 1),
(1042, 54, 3, 'Peyrano', '', 0, 1),
(1043, 54, 3, 'Piamonte', '', 0, 1),
(1044, 54, 3, 'Presidente Roca', '', 0, 1),
(1045, 54, 3, 'Pueblo Esther', '', 0, 1),
(1046, 54, 3, 'Pujato', '', 0, 1),
(1047, 54, 3, 'Rafaela', '', 0, 1),
(1048, 54, 3, 'Reconquista', '', 0, 1),
(1049, 54, 3, 'Romang', '', 0, 1),
(1050, 54, 3, 'Rosario', '', 0, 1),
(1051, 54, 3, 'Rueda', '', 0, 1),
(1052, 54, 3, 'Rufino', '', 0, 1),
(1053, 54, 10, 'Añatuya', '', 0, 1),
(1054, 54, 10, 'Campo del Cielo', '', 0, 1),
(1055, 54, 10, 'Campo Gallo', '', 0, 1),
(1056, 54, 10, 'Frías', '', 0, 1),
(1057, 54, 10, 'La Banda', '', 0, 1),
(1058, 54, 10, 'Loreto', '', 0, 1),
(1059, 54, 10, 'Monte Quemado', '', 0, 1),
(1060, 54, 10, 'Pampa de los Guanacos', '', 0, 1),
(1061, 54, 10, 'Quimilí', '', 0, 1),
(1062, 54, 10, 'Sachayoj', '', 0, 1),
(1063, 54, 10, 'Santiago del Estero', '', 0, 1),
(1064, 54, 10, 'Sumampa', '', 0, 1),
(1065, 54, 10, 'Suncho Corral', '', 0, 1),
(1066, 54, 10, 'Termas de Río Hondo', '', 0, 1),
(1067, 54, 10, 'Villa Ojo de Agua', '', 0, 1),
(1068, 54, 23, 'Cerro Castor', '', 0, 1),
(1069, 54, 23, 'El Kaiken', '', 0, 1),
(1070, 54, 23, 'Grytviken', '', 0, 1),
(1071, 54, 23, 'Islas Malvinas', '', 0, 1),
(1072, 54, 23, 'Mount Pleasant', '', 0, 1),
(1073, 54, 23, 'Pebble Island', '', 0, 1),
(1074, 54, 23, 'Puerto Argentino', '', 0, 1),
(1075, 54, 23, 'Puerto San Carlos', '', 0, 1),
(1076, 54, 23, 'Río Grande', '', 0, 1),
(1077, 54, 23, 'Sea Lion Island', '', 0, 1),
(1078, 54, 23, 'Tolhuin', '', 0, 1),
(1079, 54, 23, 'Ushuaia', '', 0, 1),
(1080, 54, 23, 'Weddel Island', '', 0, 1),
(1081, 54, 15, '7 de Abril', '', 0, 1),
(1082, 54, 15, 'Aguilares', '', 0, 1),
(1083, 54, 15, 'Amaicha del Valle', '', 0, 1),
(1084, 54, 15, 'Banda del Río Salí', '', 0, 1),
(1085, 54, 15, 'Concepción', '', 0, 1),
(1086, 54, 15, 'Famaillá', '', 0, 1),
(1087, 54, 15, 'Las Cejas', '', 0, 1),
(1088, 54, 15, 'Raco', '', 0, 1),
(1089, 54, 15, 'San Miguel de Tucumán', '', 0, 1),
(1090, 54, 15, 'Tafí del Valle', '', 0, 1),
(1091, 54, 15, 'Tafí Viejo', '', 0, 1),
(1092, 54, 15, 'Yerba Buena', '', 0, 1),
(1093, 54, 1, 'Las Cañitas', 'Es uno de los barrios más coquetos y con mayor vida nocturna de la cuidad. Las Cañitas se ha transformado en el barrio más solicitado por los visitantes de nuestra ciudad y se ha convertido en uno de los centros gastronómicos más importantes de Buenos Aires. <br>\nLimita con la cancha de polo de Palermo.', 0, 1);

-- --------------------------------------------------------

--
-- Estructura de tabla para la tabla `user_admin`
--

CREATE TABLE `user_admin` (
  `user_admin_id` int(11) NOT NULL,
  `nombre` varchar(255) NOT NULL DEFAULT '',
  `usuario` varchar(255) NOT NULL DEFAULT '',
  `password` varchar(255) NOT NULL DEFAULT '',
  `intentos` int(2) NOT NULL DEFAULT '0',
  `user_admin_perfil_id` int(11) NOT NULL DEFAULT '2'
) ENGINE=MyISAM DEFAULT CHARSET=latin1;

--
-- Volcado de datos para la tabla `user_admin`
--

INSERT INTO `user_admin` (`user_admin_id`, `nombre`, `usuario`, `password`, `intentos`, `user_admin_perfil_id`) VALUES
(1, 'Hernan Pont', 'poni', '69895ff2b990e611027ef4f7fd32eb8a', 0, 1),
(2, 'Federico Bais', 'fede', '7d11810cf99c74a1f3fa22c3879ea39d', 0, 1);

-- --------------------------------------------------------

--
-- Estructura de tabla para la tabla `user_admin_login`
--

CREATE TABLE `user_admin_login` (
  `iduser_admin_login` int(11) NOT NULL,
  `usuario` varchar(255) NOT NULL DEFAULT '',
  `password` varchar(255) NOT NULL DEFAULT '',
  `ip` varchar(255) NOT NULL DEFAULT '',
  `fecha` date NOT NULL DEFAULT '0000-00-00',
  `intentos` int(2) NOT NULL DEFAULT '0',
  `estado` varchar(255) NOT NULL DEFAULT ''
) ENGINE=MyISAM DEFAULT CHARSET=latin1;

--
-- Volcado de datos para la tabla `user_admin_login`
--

-- --------------------------------------------------------

--
-- Estructura de tabla para la tabla `user_admin_perfil`
--

CREATE TABLE `user_admin_perfil` (
  `user_admin_perfil_id` int(11) NOT NULL,
  `titulo` varchar(255) NOT NULL DEFAULT '',
  `icono` varchar(255) NOT NULL DEFAULT '',
  `estado` int(2) NOT NULL DEFAULT '1'
) ENGINE=MyISAM DEFAULT CHARSET=latin1;

--
-- Volcado de datos para la tabla `user_admin_perfil`
--

INSERT INTO `user_admin_perfil` (`user_admin_perfil_id`, `titulo`, `icono`, `estado`) VALUES
(1, 'Master', '', 1),
(2, 'Administrador', '', 1),
(5, 'Operador', '', 1);

-- --------------------------------------------------------

--
-- Estructura de tabla para la tabla `user_segmentacion`
--

CREATE TABLE `user_segmentacion` (
  `iduser_segmentacion` int(11) NOT NULL,
  `titulo` varchar(255) DEFAULT NULL,
  `tipo` tinyint(1) NOT NULL DEFAULT '1',
  `estado` int(11) NOT NULL DEFAULT '1',
  `seguro` int(11) DEFAULT '2'
) ENGINE=MyISAM DEFAULT CHARSET=latin1;

--
-- Volcado de datos para la tabla `user_segmentacion`
--

INSERT INTO `user_segmentacion` (`iduser_segmentacion`, `titulo`, `tipo`, `estado`, `seguro`) VALUES
(1, 'Suscripcion', 0, 1, 2),
(6, 'Inquilino', 0, 1, 2),
(3, 'Propietario', 0, 1, 2),
(4, 'Contacto', 0, 1, 2);

-- --------------------------------------------------------

--
-- Estructura de tabla para la tabla `user_web`
--

CREATE TABLE `user_web` (
  `user_web_id` int(11) NOT NULL,
  `facebook_id` int(11) NOT NULL,
  `foto` varchar(255) NOT NULL DEFAULT '',
  `nombre` varchar(100) NOT NULL DEFAULT '',
  `apellido` varchar(100) NOT NULL DEFAULT '',
  `sexo` char(1) NOT NULL DEFAULT 'M' COMMENT 'M: Mas / F: Fem',
  `dni` varchar(9) NOT NULL,
  `tipo_socio_id` int(11) NOT NULL,
  `nro_socio` varchar(255) NOT NULL,
  `embajador_id` int(11) NOT NULL,
  `colaborador_id` int(11) NOT NULL,
  `profesion` varchar(255) NOT NULL DEFAULT '',
  `empresa` varchar(255) NOT NULL DEFAULT '',
  `empresa_puesto` varchar(255) NOT NULL,
  `descripcion` text NOT NULL,
  `email` varchar(60) NOT NULL DEFAULT '',
  `ip` varchar(255) NOT NULL,
  `mail_laboral` varchar(255) NOT NULL DEFAULT '',
  `website` varchar(255) NOT NULL DEFAULT '',
  `telefono` varchar(30) NOT NULL DEFAULT '',
  `celular` varchar(30) NOT NULL DEFAULT '',
  `fax` varchar(30) NOT NULL DEFAULT '',
  `nextel` varchar(255) NOT NULL DEFAULT '',
  `hash` varchar(60) NOT NULL DEFAULT '',
  `calle` varchar(80) NOT NULL DEFAULT '',
  `calle_numero` varchar(10) NOT NULL DEFAULT '',
  `entre_calles` varchar(250) NOT NULL DEFAULT '',
  `piso` varchar(5) NOT NULL DEFAULT '',
  `depto` varchar(5) NOT NULL DEFAULT '',
  `cp` varchar(20) NOT NULL DEFAULT '',
  `pais_id` int(7) NOT NULL DEFAULT '0',
  `provincia_id` int(7) NOT NULL DEFAULT '0',
  `localidad` varchar(80) NOT NULL DEFAULT '',
  `iduser_web_perfil` tinyint(2) NOT NULL DEFAULT '1',
  `fecha_registro` timestamp NULL DEFAULT '0000-00-00 00:00:00',
  `fecha_alta` datetime NOT NULL DEFAULT '0000-00-00 00:00:00',
  `fecha_baja` datetime NOT NULL DEFAULT '0000-00-00 00:00:00',
  `sede_id` int(5) NOT NULL DEFAULT '1',
  `username` varchar(255) NOT NULL DEFAULT '',
  `password` varchar(255) NOT NULL DEFAULT '',
  `estado` tinyint(1) DEFAULT '1',
  `newsletter_habilitado` char(1) NOT NULL DEFAULT 'Y'
) ENGINE=MyISAM DEFAULT CHARSET=latin1 COMMENT='estado: 1 = activado, 3 = desactivado, 2 = esperando confirm';

--
-- Volcado de datos para la tabla `user_web`
--

INSERT INTO `user_web` (`user_web_id`, `facebook_id`, `foto`, `nombre`, `apellido`, `sexo`, `dni`, `tipo_socio_id`, `nro_socio`, `embajador_id`, `colaborador_id`, `profesion`, `empresa`, `empresa_puesto`, `descripcion`, `email`, `ip`, `mail_laboral`, `website`, `telefono`, `celular`, `fax`, `nextel`, `hash`, `calle`, `calle_numero`, `entre_calles`, `piso`, `depto`, `cp`, `pais_id`, `provincia_id`, `localidad`, `iduser_web_perfil`, `fecha_registro`, `fecha_alta`, `fecha_baja`, `sede_id`, `username`, `password`, `estado`, `newsletter_habilitado`) VALUES
(19, 0, '', 'Hernán Pont', '', 'M', '', 0, '', 0, 0, '', '', '', '', 'hernanpont@gmail.com', '', '', '', '', '', '', '', '', '', '', '', '', '', '', 0, 0, '', 1, '2016-05-23 16:40:50', '0000-00-00 00:00:00', '0000-00-00 00:00:00', 1, '', '', 1, 'Y'),
(20, 0, '', 'Hernán Pont', '', 'M', '', 0, '', 0, 0, '', '', '', '', 'hernanpont2@gmail.com', '', '', '', '', '', '', '', '', '', '', '', '', '', '', 0, 0, '', 1, '2016-05-23 16:41:08', '0000-00-00 00:00:00', '0000-00-00 00:00:00', 1, '', '', 1, 'Y');

-- --------------------------------------------------------

--
-- Estructura de tabla para la tabla `user_web_notas`
--

CREATE TABLE `user_web_notas` (
  `nota_id` int(11) NOT NULL,
  `nota` text NOT NULL,
  `fecha` timestamp NOT NULL DEFAULT CURRENT_TIMESTAMP ON UPDATE CURRENT_TIMESTAMP,
  `categoria` varchar(255) NOT NULL,
  `user_web_id` int(11) NOT NULL,
  `user_admin_id` int(11) NOT NULL
) ENGINE=MyISAM DEFAULT CHARSET=latin1;

-- --------------------------------------------------------

--
-- Estructura de tabla para la tabla `user_web_perfil`
--

CREATE TABLE `user_web_perfil` (
  `user_web_perfil_id` int(4) NOT NULL,
  `titulo` varchar(255) NOT NULL DEFAULT '',
  `estado` tinyint(1) NOT NULL DEFAULT '1'
) ENGINE=MyISAM DEFAULT CHARSET=latin1;

--
-- Volcado de datos para la tabla `user_web_perfil`
--

INSERT INTO `user_web_perfil` (`user_web_perfil_id`, `titulo`, `estado`) VALUES
(1, 'Clase A', 1),
(2, 'Clase B', 1),
(3, 'Clase C', 1);

-- --------------------------------------------------------

--
-- Estructura de tabla para la tabla `user_web_segmentacion`
--

CREATE TABLE `user_web_segmentacion` (
  `user_web_segmentacion_id` int(11) NOT NULL,
  `user_web_id` int(11) DEFAULT NULL,
  `user_segmentacion_id` int(11) DEFAULT NULL
) ENGINE=MyISAM DEFAULT CHARSET=latin1;

--
-- Volcado de datos para la tabla `user_web_segmentacion`
--

INSERT INTO `user_web_segmentacion` (`user_web_segmentacion_id`, `user_web_id`, `user_segmentacion_id`) VALUES
(1, 19, 1),
(2, 20, 1);

--
-- Índices para tablas volcadas
--

--
-- Indices de la tabla `admin_menu`
--
ALTER TABLE `admin_menu`
  ADD PRIMARY KEY (`admin_menu_id`);

--
-- Indices de la tabla `admin_menu_perfil`
--
ALTER TABLE `admin_menu_perfil`
  ADD PRIMARY KEY (`admin_menu_perfil_id`),
  ADD UNIQUE KEY `idadmin_menu` (`admin_menu_id`,`user_admin_perfil_id`);

--
-- Indices de la tabla `admin_opcion`
--
ALTER TABLE `admin_opcion`
  ADD PRIMARY KEY (`admin_opcion_id`);

--
-- Indices de la tabla `admin_opcion_perfil`
--
ALTER TABLE `admin_opcion_perfil`
  ADD PRIMARY KEY (`admin_opcion_perfil_id`),
  ADD UNIQUE KEY `idadmin_menu` (`admin_opcion_id`,`user_admin_perfil_id`);

--
-- Indices de la tabla `dato_sitio`
--
ALTER TABLE `dato_sitio`
  ADD PRIMARY KEY (`dato_sitio_id`);

--
-- Indices de la tabla `pais_provincia`
--
ALTER TABLE `pais_provincia`
  ADD PRIMARY KEY (`provincia_id`);

--
-- Indices de la tabla `pais_zona`
--
ALTER TABLE `pais_zona`
  ADD PRIMARY KEY (`zona_id`);

--
-- Indices de la tabla `user_admin`
--
ALTER TABLE `user_admin`
  ADD PRIMARY KEY (`user_admin_id`),
  ADD UNIQUE KEY `usuario` (`usuario`);

--
-- Indices de la tabla `user_admin_login`
--
ALTER TABLE `user_admin_login`
  ADD PRIMARY KEY (`iduser_admin_login`);

--
-- Indices de la tabla `user_admin_perfil`
--
ALTER TABLE `user_admin_perfil`
  ADD PRIMARY KEY (`user_admin_perfil_id`);

--
-- Indices de la tabla `user_segmentacion`
--
ALTER TABLE `user_segmentacion`
  ADD PRIMARY KEY (`iduser_segmentacion`);

--
-- Indices de la tabla `user_web`
--
ALTER TABLE `user_web`
  ADD PRIMARY KEY (`user_web_id`),
  ADD UNIQUE KEY `email` (`email`),
  ADD UNIQUE KEY `email_2` (`email`);

--
-- Indices de la tabla `user_web_notas`
--
ALTER TABLE `user_web_notas`
  ADD PRIMARY KEY (`nota_id`);

--
-- Indices de la tabla `user_web_perfil`
--
ALTER TABLE `user_web_perfil`
  ADD PRIMARY KEY (`user_web_perfil_id`);

--
-- Indices de la tabla `user_web_segmentacion`
--
ALTER TABLE `user_web_segmentacion`
  ADD PRIMARY KEY (`user_web_segmentacion_id`),
  ADD KEY `iduser_web` (`user_web_id`,`user_segmentacion_id`);

--
-- AUTO_INCREMENT de las tablas volcadas
--

--
-- AUTO_INCREMENT de la tabla `admin_menu`
--
ALTER TABLE `admin_menu`
  MODIFY `admin_menu_id` int(4) NOT NULL AUTO_INCREMENT, AUTO_INCREMENT=203;
--
-- AUTO_INCREMENT de la tabla `admin_menu_perfil`
--
ALTER TABLE `admin_menu_perfil`
  MODIFY `admin_menu_perfil_id` int(11) NOT NULL AUTO_INCREMENT, AUTO_INCREMENT=469;
--
-- AUTO_INCREMENT de la tabla `admin_opcion`
--
ALTER TABLE `admin_opcion`
  MODIFY `admin_opcion_id` int(11) NOT NULL AUTO_INCREMENT, AUTO_INCREMENT=78;
--
-- AUTO_INCREMENT de la tabla `admin_opcion_perfil`
--
ALTER TABLE `admin_opcion_perfil`
  MODIFY `admin_opcion_perfil_id` int(11) NOT NULL AUTO_INCREMENT, AUTO_INCREMENT=169;
--
-- AUTO_INCREMENT de la tabla `dato_sitio`
--
ALTER TABLE `dato_sitio`
  MODIFY `dato_sitio_id` int(11) NOT NULL AUTO_INCREMENT, AUTO_INCREMENT=4;
--
-- AUTO_INCREMENT de la tabla `pais_provincia`
--
ALTER TABLE `pais_provincia`
  MODIFY `provincia_id` int(4) NOT NULL AUTO_INCREMENT, AUTO_INCREMENT=79;
--
-- AUTO_INCREMENT de la tabla `pais_zona`
--
ALTER TABLE `pais_zona`
  MODIFY `zona_id` int(11) NOT NULL AUTO_INCREMENT, AUTO_INCREMENT=1094;
--
-- AUTO_INCREMENT de la tabla `user_admin`
--
ALTER TABLE `user_admin`
  MODIFY `user_admin_id` int(11) NOT NULL AUTO_INCREMENT, AUTO_INCREMENT=4;
--
-- AUTO_INCREMENT de la tabla `user_admin_login`
--
ALTER TABLE `user_admin_login`
  MODIFY `iduser_admin_login` int(11) NOT NULL AUTO_INCREMENT, AUTO_INCREMENT=92;
--
-- AUTO_INCREMENT de la tabla `user_admin_perfil`
--
ALTER TABLE `user_admin_perfil`
  MODIFY `user_admin_perfil_id` int(11) NOT NULL AUTO_INCREMENT, AUTO_INCREMENT=6;
--
-- AUTO_INCREMENT de la tabla `user_segmentacion`
--
ALTER TABLE `user_segmentacion`
  MODIFY `iduser_segmentacion` int(11) NOT NULL AUTO_INCREMENT, AUTO_INCREMENT=7;
--
-- AUTO_INCREMENT de la tabla `user_web`
--
ALTER TABLE `user_web`
  MODIFY `user_web_id` int(11) NOT NULL AUTO_INCREMENT, AUTO_INCREMENT=21;
--
-- AUTO_INCREMENT de la tabla `user_web_notas`
--
ALTER TABLE `user_web_notas`
  MODIFY `nota_id` int(11) NOT NULL AUTO_INCREMENT;
--
-- AUTO_INCREMENT de la tabla `user_web_perfil`
--
ALTER TABLE `user_web_perfil`
  MODIFY `user_web_perfil_id` int(4) NOT NULL AUTO_INCREMENT, AUTO_INCREMENT=4;
--
-- AUTO_INCREMENT de la tabla `user_web_segmentacion`
--
ALTER TABLE `user_web_segmentacion`
  MODIFY `user_web_segmentacion_id` int(11) NOT NULL AUTO_INCREMENT, AUTO_INCREMENT=3;